uid,datetime,latitude,longitude,altitude,vertical_velocity,ground_speed,satellites
5.70791E+15,2023-10-14T13:51:42Z,33.40983333,-105.3312333,1654.9,-0.04,0.144,9
5.70791E+15,2023-10-14T13:51:50Z,33.40985,-105.3312333,1655.4,0.22,0.216,9
5.70791E+15,2023-10-14T13:52:00Z,33.40983333,-105.3312333,1655.2,-0.09,0.108,10
5.70791E+15,2023-10-14T13:52:20Z,33.40986667,-105.33125,1655.8,0.45,0.684,9
5.70791E+15,2023-10-14T13:52:28Z,33.40983333,-105.3312333,1656.3,0.03,0.216,9
5.70791E+15,2023-10-14T13:52:39Z,33.40983333,-105.3312333,1657.3,0,0.18,9
5.70791E+15,2023-10-14T13:52:58Z,33.4099,-105.33125,1657.1,-0.02,1.188,9
5.70791E+15,2023-10-14T13:53:08Z,33.41,-105.33125,1657.3,0.35,2.448,9
5.70791E+15,2023-10-14T13:53:29Z,33.41,-105.33125,1659.1,-0.07,0.036,9
5.70791E+15,2023-10-14T13:53:33Z,33.41,-105.33125,1658.1,-0.23,0.576,9
5.70791E+15,2023-10-14T13:53:43Z,33.41001667,-105.33125,1657.3,0,0.108,8
5.70791E+15,2023-10-14T13:53:52Z,33.41001667,-105.33125,1656.5,-0.17,0.144,9
5.70791E+15,2023-10-14T13:54:27Z,33.41,-105.3312667,1655.7,0.06,0.972,10
5.70791E+15,2023-10-14T13:54:36Z,33.41,-105.3312667,1656,0.03,0.216,10
5.70791E+15,2023-10-14T13:55:06Z,33.40998333,-105.3312667,1656.7,0.01,0.108,10
5.70791E+15,2023-10-14T13:56:00Z,33.41001667,-105.33125,1656.6,-0.06,0.108,11
5.70791E+15,2023-10-14T13:56:15Z,33.41001667,-105.3312333,1656.6,0.27,0.324,12
5.70791E+15,2023-10-14T13:56:20Z,33.41001667,-105.33125,1656.6,0,2.736,12
5.70791E+15,2023-10-14T13:56:28Z,33.41001667,-105.33125,1655.9,0.09,0.252,12
5.70791E+15,2023-10-14T13:56:39Z,33.41001667,-105.33125,1655.9,-0.05,0.144,12
5.70791E+15,2023-10-14T13:57:06Z,33.41001667,-105.33125,1654.6,0.09,0.72,12
5.70791E+15,2023-10-14T13:57:19Z,33.41001667,-105.33125,1655.8,0.13,0.072,12
5.70791E+15,2023-10-14T13:57:28Z,33.41001667,-105.3312333,1654.7,-0.05,0.216,11
5.70791E+15,2023-10-14T13:57:38Z,33.41001667,-105.3312333,1654.4,-0.04,0.144,11
5.70791E+15,2023-10-14T13:57:46Z,33.41001667,-105.33125,1655,-0.09,0.216,12
5.70791E+15,2023-10-14T13:57:54Z,33.41001667,-105.33125,1655.3,-0.14,0.216,12
5.70791E+15,2023-10-14T13:58:04Z,33.41001667,-105.33125,1655,0.02,0.18,11
5.70791E+15,2023-10-14T13:58:09Z,33.41001667,-105.33125,1655.4,-0.03,0.072,11
5.70791E+15,2023-10-14T13:58:22Z,33.41001667,-105.33125,1655.6,-0.18,0.144,11
5.70791E+15,2023-10-14T13:58:35Z,33.41003333,-105.33125,1656.8,-0.06,0.252,12
5.70791E+15,2023-10-14T13:58:42Z,33.41003333,-105.33125,1657.1,-0.07,0.144,11
5.70791E+15,2023-10-14T13:58:47Z,33.41003333,-105.33125,1657,-0.2,0.144,11
5.70791E+15,2023-10-14T13:58:56Z,33.41003333,-105.3312667,1657.3,-0.06,0.468,11
5.70791E+15,2023-10-14T13:59:04Z,33.41003333,-105.3312667,1657.4,-0.03,0.108,11
5.70791E+15,2023-10-14T13:59:13Z,33.41003333,-105.33125,1657.5,-0.24,0.216,12
5.70791E+15,2023-10-14T13:59:22Z,33.41003333,-105.33125,1656.9,-0.15,0.072,12
5.70791E+15,2023-10-14T13:59:28Z,33.41003333,-105.3312667,1656.7,0.17,0.324,12
5.70791E+15,2023-10-14T13:59:35Z,33.41003333,-105.3312667,1657.4,-0.1,0.18,12
5.70791E+15,2023-10-14T13:59:44Z,33.41003333,-105.33125,1658.1,0.05,0.108,12
5.70791E+15,2023-10-14T13:59:53Z,33.41003333,-105.33125,1658.2,0.06,0.216,12
5.70791E+15,2023-10-14T14:00:02Z,33.41003333,-105.33125,1657.8,0.13,0.072,12
5.70791E+15,2023-10-14T14:00:11Z,33.41003333,-105.33125,1658.1,0.17,0.072,12
5.70791E+15,2023-10-14T14:00:20Z,33.41003333,-105.33125,1658.1,0.03,0.216,12
5.70791E+15,2023-10-14T14:00:29Z,33.41003333,-105.33125,1658,-0.04,0.108,12
5.70791E+15,2023-10-14T14:00:39Z,33.41003333,-105.33125,1657.5,-0.11,0.288,12
5.70791E+15,2023-10-14T14:00:45Z,33.41003333,-105.33125,1657.5,0.02,0.072,12
5.70791E+15,2023-10-14T14:00:54Z,33.41003333,-105.33125,1657.7,0.02,0.072,12
5.70791E+15,2023-10-14T14:01:03Z,33.41003333,-105.33125,1658.1,-0.06,0.18,11
5.70791E+15,2023-10-14T14:01:14Z,33.41003333,-105.3312667,1657.8,0.04,0.324,12
5.70791E+15,2023-10-14T14:01:22Z,33.41003333,-105.3312667,1658,0.01,0.108,12
5.70791E+15,2023-10-14T14:01:30Z,33.41003333,-105.33125,1658.3,0.03,0.072,12
5.70791E+15,2023-10-14T14:01:39Z,33.41003333,-105.33125,1658.3,0,0.036,12
5.70791E+15,2023-10-14T14:01:47Z,33.41003333,-105.33125,1658.1,-0.02,0.036,12
5.70791E+15,2023-10-14T14:01:52Z,33.41003333,-105.33125,1658.2,0.35,0.792,11
5.70791E+15,2023-10-14T14:01:55Z,33.41003333,-105.33125,1658,-0.16,0.036,11
5.70791E+15,2023-10-14T14:02:01Z,33.41003333,-105.33125,1658,0.09,0.216,12
5.70791E+15,2023-10-14T14:02:10Z,33.41003333,-105.33125,1658.5,0.06,0.072,12
5.70791E+15,2023-10-14T14:02:18Z,33.41003333,-105.33125,1658.5,0.01,0.144,12
5.70791E+15,2023-10-14T14:02:27Z,33.41003333,-105.33125,1658.4,-0.03,0.396,12
5.70791E+15,2023-10-14T14:02:37Z,33.41003333,-105.33125,1658.4,-0.05,0.468,12
5.70791E+15,2023-10-14T14:02:48Z,33.41003333,-105.33125,1657.3,-0.06,0.108,12
5.70791E+15,2023-10-14T14:02:56Z,33.41003333,-105.33125,1657.1,0.08,0.108,11
5.70791E+15,2023-10-14T14:03:06Z,33.41003333,-105.33125,1657.2,-0.12,0.144,12
5.70791E+15,2023-10-14T14:03:12Z,33.41003333,-105.33125,1657.1,0.16,0.072,12
5.70791E+15,2023-10-14T14:03:21Z,33.41003333,-105.33125,1657,0.04,0.072,12
5.70791E+15,2023-10-14T14:06:12Z,33.41001667,-105.3312167,1652.1,-0.02,0.036,12
5.70791E+15,2023-10-14T14:06:26Z,33.41001667,-105.3312167,1652.3,0.05,0.18,10
5.70791E+15,2023-10-14T14:06:34Z,33.41001667,-105.3312167,1652.4,0.12,0.072,11
5.70791E+15,2023-10-14T14:06:46Z,33.41001667,-105.3312167,1652.2,0.13,0.396,12
5.70791E+15,2023-10-14T14:06:49Z,33.41001667,-105.3312167,1652.2,-0.02,0.036,10
5.70791E+15,2023-10-14T14:06:58Z,33.41001667,-105.3312167,1651.8,-0.03,0.18,10
5.70791E+15,2023-10-14T14:07:08Z,33.41001667,-105.3312167,1651.8,0.03,0.324,12
5.70791E+15,2023-10-14T14:07:16Z,33.41001667,-105.3312167,1651.7,0.05,0.288,11
5.70791E+15,2023-10-14T14:07:53Z,33.40986667,-105.3312167,1654.4,-0.01,0.288,12
5.70791E+15,2023-10-14T14:08:35Z,33.41,-105.3312167,1654.9,-0.03,1.908,12
5.70791E+15,2023-10-14T14:08:44Z,33.41,-105.3312167,1655.1,0.11,0.72,12
5.70791E+15,2023-10-14T14:08:53Z,33.41,-105.3312167,1654.6,-0.06,0.072,12
5.70791E+15,2023-10-14T14:09:00Z,33.41,-105.3312167,1654.5,-0.05,1.728,12
5.70791E+15,2023-10-14T14:09:08Z,33.41,-105.3312167,1655.4,0,0.072,12
5.70791E+15,2023-10-14T14:09:15Z,33.41,-105.3312167,1655.4,-0.06,2.304,11
5.70791E+15,2023-10-14T14:09:34Z,33.41,-105.3312167,1655.3,-0.06,0.216,11
5.70791E+15,2023-10-14T14:09:44Z,33.41,-105.3312167,1654.7,-0.02,0.504,10
5.70791E+15,2023-10-14T14:09:52Z,33.41,-105.3312167,1654.5,0,0.252,12
5.70791E+15,2023-10-14T14:10:02Z,33.41,-105.3312167,1654.9,0.16,0.216,12
5.70791E+15,2023-10-14T14:10:12Z,33.41001667,-105.3312,1654.2,-0.21,0.252,12
5.70791E+15,2023-10-14T14:10:42Z,33.41001667,-105.3312167,1654.2,0.04,0.144,11
5.70791E+15,2023-10-14T14:10:47Z,33.41001667,-105.3312167,1653,-0.08,0.216,11
5.70791E+15,2023-10-14T14:10:54Z,33.41001667,-105.3312167,1653.1,-0.01,1.08,11
5.70791E+15,2023-10-14T14:11:01Z,33.41,-105.3312167,1653.9,0.11,0.216,11
5.70791E+15,2023-10-14T14:11:11Z,33.41,-105.3312167,1654.1,0.12,0.216,11
5.70791E+15,2023-10-14T14:11:16Z,33.41,-105.3312167,1653.5,-0.39,1.044,11
5.70791E+15,2023-10-14T14:11:26Z,33.41,-105.3312167,1653.4,0.06,0.252,11
5.70791E+15,2023-10-14T14:11:35Z,33.41,-105.3312167,1653.3,0.04,0.396,10
5.70791E+15,2023-10-14T14:12:12Z,33.40986667,-105.33125,1651.6,0.08,0.936,11
5.70791E+15,2023-10-14T14:12:21Z,33.40986667,-105.3312333,1652.4,0.09,0.756,11
5.70791E+15,2023-10-14T14:12:29Z,33.40985,-105.3312333,1652.7,0.02,0.108,11
5.70791E+15,2023-10-14T14:12:37Z,33.40986667,-105.3312333,1653.4,0.07,0.144,11
5.70791E+15,2023-10-14T14:12:47Z,33.40985,-105.3312333,1653.4,0.03,0.108,11
5.70791E+15,2023-10-14T14:12:54Z,33.40985,-105.3312333,1654.1,0,0.216,11
5.70791E+15,2023-10-14T14:13:05Z,33.40983333,-105.3312333,1655.3,-0.16,0.252,11
5.70791E+15,2023-10-14T14:14:02Z,33.40985,-105.3312333,1654.5,-0.02,0.288,11
5.70791E+15,2023-10-14T14:14:07Z,33.40985,-105.3312333,1654.4,-0.08,0.288,11
5.70791E+15,2023-10-14T14:14:15Z,33.40986667,-105.33125,1654.1,-0.08,0.288,11
5.70791E+15,2023-10-14T14:14:24Z,33.40986667,-105.33125,1653.6,0.07,0.144,11
5.70791E+15,2023-10-14T14:14:32Z,33.40986667,-105.33125,1653.4,0.12,0.36,12
5.70791E+15,2023-10-14T14:14:42Z,33.40986667,-105.33125,1653.3,-0.16,0.324,12
5.70791E+15,2023-10-14T14:15:16Z,33.40986667,-105.33125,1654.6,-0.11,0.36,12
5.70791E+15,2023-10-14T14:15:21Z,33.40985,-105.33125,1654.8,0.04,0.072,11
5.70791E+15,2023-10-14T14:15:30Z,33.40985,-105.3312333,1654,0.04,0.216,11
5.70791E+15,2023-10-14T14:15:43Z,33.40986667,-105.3312333,1654.3,-0.04,0.216,12
5.70791E+15,2023-10-14T14:15:56Z,33.40985,-105.3312333,1654.7,0.11,0.216,12
5.70791E+15,2023-10-14T14:16:05Z,33.40986667,-105.3312333,1654.7,0.07,0.72,11
5.70791E+15,2023-10-14T14:16:11Z,33.40988333,-105.33125,1654.9,0.04,5.076,10
5.70791E+15,2023-10-14T14:16:24Z,33.41,-105.3312,1655.3,0.08,0.72,12
5.70791E+15,2023-10-14T14:16:28Z,33.41,-105.3312,1655.3,-0.07,0.216,12
5.70791E+15,2023-10-14T14:16:39Z,33.41001667,-105.3312,1655.1,-0.07,0.108,12
5.70791E+15,2023-10-14T14:16:45Z,33.41001667,-105.3312,1655,0.03,0.18,12
5.70791E+15,2023-10-14T14:16:53Z,33.41001667,-105.3312,1655.3,-0.08,0.54,12
5.70791E+15,2023-10-14T14:17:04Z,33.41,-105.3312,1654.1,-0.04,0.936,12
5.70791E+15,2023-10-14T14:17:10Z,33.41,-105.3312,1654,-0.05,1.044,12
5.70791E+15,2023-10-14T14:17:20Z,33.41,-105.3311833,1653.8,0.03,0.072,12
5.70791E+15,2023-10-14T14:17:30Z,33.41,-105.3311833,1653.4,-0.03,0.216,12
5.70791E+15,2023-10-14T14:17:39Z,33.40998333,-105.3311833,1653.3,-0.03,0.432,12
5.70791E+15,2023-10-14T14:17:48Z,33.41,-105.3311833,1653.1,-0.05,0.18,10
5.70791E+15,2023-10-14T14:17:57Z,33.41,-105.3311833,1652.4,0.03,1.656,10
5.70791E+15,2023-10-14T14:18:05Z,33.40998333,-105.3311833,1652.9,-0.02,0.216,11
5.70791E+15,2023-10-14T14:18:13Z,33.41,-105.3311833,1654.1,0.05,0.54,11
5.70791E+15,2023-10-14T14:18:38Z,33.40998333,-105.3311833,1654,-0.1,0.144,11
5.70791E+15,2023-10-14T14:18:44Z,33.40998333,-105.3312,1654.1,-0.11,0.288,11
5.70791E+15,2023-10-14T14:18:48Z,33.40998333,-105.3312,1653.6,0,0.108,11
5.70791E+15,2023-10-14T14:18:57Z,33.40998333,-105.3312,1654.3,-0.04,0.072,11
5.70791E+15,2023-10-14T14:19:04Z,33.40998333,-105.3311833,1654,-0.03,0.252,10
5.70791E+15,2023-10-14T14:19:11Z,33.41,-105.3312167,1653.8,-0.08,4.104,11
5.70791E+15,2023-10-14T14:19:14Z,33.41001667,-105.33125,1653.7,-0.24,4.68,11
5.70791E+15,2023-10-14T14:19:22Z,33.41001667,-105.33135,1653.6,0.11,3.528,11
5.70791E+15,2023-10-14T14:19:31Z,33.41001667,-105.3313667,1654,-0.08,0.648,11
5.70791E+15,2023-10-14T14:19:39Z,33.41001667,-105.33135,1654.5,-0.09,0.072,10
5.70791E+15,2023-10-14T14:19:49Z,33.41001667,-105.33135,1655.8,0.03,0.216,10
5.70791E+15,2023-10-14T14:19:57Z,33.41001667,-105.33135,1656.6,0.11,0.144,10
5.70791E+15,2023-10-14T14:20:07Z,33.41001667,-105.33135,1656.4,-0.06,0.216,10
5.70791E+15,2023-10-14T14:20:13Z,33.41001667,-105.33135,1657.2,0,0.216,10
5.70791E+15,2023-10-14T14:20:21Z,33.41001667,-105.3313167,1656.2,-0.09,2.664,10
5.70791E+15,2023-10-14T14:20:29Z,33.41001667,-105.33125,1655.8,-0.16,2.16,11
5.70791E+15,2023-10-14T14:20:39Z,33.41,-105.3312167,1655.2,0.02,0.396,11
5.70791E+15,2023-10-14T14:20:42Z,33.41,-105.3312167,1655.1,-0.13,0.648,11
5.70791E+15,2023-10-14T14:20:51Z,33.41,-105.3312,1654.6,-0.04,1.8,11
5.70791E+15,2023-10-14T14:21:00Z,33.41001667,-105.3312,1653.4,0,0.108,10
5.70791E+15,2023-10-14T14:21:07Z,33.41001667,-105.3312,1652.7,-0.07,0.18,11
5.70791E+15,2023-10-14T14:21:17Z,33.41001667,-105.3312167,1651.9,0.07,0.396,10
5.70791E+15,2023-10-14T14:21:24Z,33.41001667,-105.3312,1653.1,-0.12,1.908,10
5.70791E+15,2023-10-14T14:21:34Z,33.41001667,-105.3312,1655.4,-0.16,0.324,10
5.70791E+15,2023-10-14T14:21:43Z,33.41,-105.3312,1656,0.07,0.108,11
5.70791E+15,2023-10-14T14:21:53Z,33.41,-105.3312,1655.4,-0.09,0.072,11
5.70791E+15,2023-10-14T14:22:01Z,33.41,-105.3312,1655.1,-0.05,1.26,10
5.70791E+15,2023-10-14T14:22:05Z,33.41001667,-105.3311833,1654.9,-0.07,0.684,11
5.70791E+15,2023-10-14T14:22:15Z,33.41001667,-105.3311833,1654.8,0.08,0.252,10
5.70791E+15,2023-10-14T14:22:45Z,33.41003333,-105.3311833,1654.5,0.07,1.62,11
5.70791E+15,2023-10-14T14:22:48Z,33.41005,-105.3312,1654.4,-0.06,1.188,11
5.70791E+15,2023-10-14T14:22:59Z,33.41005,-105.33125,1653.8,-0.04,1.404,11
5.70791E+15,2023-10-14T14:23:36Z,33.41005,-105.3312333,1654.3,-0.14,0.216,11
5.70791E+15,2023-10-14T14:23:41Z,33.41005,-105.3312333,1653.4,-0.09,0.036,11
5.70791E+15,2023-10-14T14:23:53Z,33.41006667,-105.33125,1654.1,0.07,2.88,11
5.70791E+15,2023-10-14T14:24:06Z,33.41011667,-105.3312,1654,-0.06,0.18,9
5.70791E+15,2023-10-14T14:24:17Z,33.41011667,-105.3312,1654.7,0.04,0.252,9
5.70791E+15,2023-10-14T14:24:24Z,33.41011667,-105.3312,1655.4,0,0.108,10
5.70791E+15,2023-10-14T14:24:33Z,33.4101,-105.3312,1655.3,-0.03,1.8,10
5.70791E+15,2023-10-14T14:24:44Z,33.41005,-105.33125,1654.7,-0.23,1.224,11
5.70791E+15,2023-10-14T14:24:52Z,33.41003333,-105.3312333,1653.8,-0.16,0.252,11
5.70791E+15,2023-10-14T14:25:05Z,33.41003333,-105.3312333,1653.9,0.07,0.036,11
5.70791E+15,2023-10-14T14:25:15Z,33.41003333,-105.3312333,1653.5,0.08,0.432,11
5.70791E+15,2023-10-14T14:25:22Z,33.41003333,-105.3312333,1653.1,-0.03,0.036,11
5.70791E+15,2023-10-14T14:25:30Z,33.41003333,-105.3312333,1653,-0.07,0.252,11
5.70791E+15,2023-10-14T14:25:39Z,33.41003333,-105.3312333,1652.8,-0.18,0.144,11
5.70791E+15,2023-10-14T14:25:49Z,33.40998333,-105.3312667,1653.1,-0.11,3.492,11
5.70791E+15,2023-10-14T14:25:57Z,33.40991667,-105.33125,1652.9,0.49,3.78,10
5.70791E+15,2023-10-14T14:26:06Z,33.4099,-105.3312333,1652.6,-0.08,0.216,11
5.70791E+15,2023-10-14T14:26:17Z,33.40988333,-105.3312333,1653.5,-0.08,1.26,10
5.70791E+15,2023-10-14T14:26:27Z,33.40988333,-105.3312333,1653.5,0.06,0.468,11
5.70791E+15,2023-10-14T14:26:35Z,33.40988333,-105.33125,1654,0.1,0.072,11
5.70791E+15,2023-10-14T14:26:41Z,33.40988333,-105.33125,1654.6,-0.02,0.288,11
5.70791E+15,2023-10-14T14:26:51Z,33.40988333,-105.33125,1655.7,0.13,0.324,10
5.70791E+15,2023-10-14T14:27:01Z,33.4099,-105.33125,1656.3,0.01,0.576,11
5.70791E+15,2023-10-14T14:27:09Z,33.40988333,-105.33125,1655.9,0.03,0.324,10
5.70791E+15,2023-10-14T14:27:18Z,33.4099,-105.33125,1656.2,-0.05,0.144,11
5.70791E+15,2023-10-14T14:27:26Z,33.4099,-105.33125,1655.8,0.06,0.216,11
5.70791E+15,2023-10-14T14:27:35Z,33.40988333,-105.33125,1656.2,-0.09,0.36,11
5.70791E+15,2023-10-14T14:27:43Z,33.40988333,-105.33125,1656.6,0.07,0.828,11
5.70791E+15,2023-10-14T14:27:51Z,33.40988333,-105.33125,1657.3,0.04,0.144,10
5.70791E+15,2023-10-14T14:27:59Z,33.40988333,-105.33125,1657,0.13,0.648,11
5.70791E+15,2023-10-14T14:28:08Z,33.40988333,-105.33125,1656.6,-0.01,0.468,10
5.70791E+15,2023-10-14T14:28:18Z,33.4099,-105.33125,1655.8,-0.08,0.612,11
5.70791E+15,2023-10-14T14:28:27Z,33.40988333,-105.33125,1654.9,-0.03,0.108,11
5.70791E+15,2023-10-14T14:28:35Z,33.40988333,-105.33125,1654.1,-0.05,0.252,11
5.70791E+15,2023-10-14T14:28:43Z,33.40988333,-105.33125,1653.6,-0.12,0.108,11
5.70791E+15,2023-10-14T14:28:52Z,33.4099,-105.33125,1653,0.05,0.108,10
5.70791E+15,2023-10-14T14:29:00Z,33.40988333,-105.3312333,1652.9,-0.01,0.288,11
5.70791E+15,2023-10-14T14:29:09Z,33.40988333,-105.3312333,1653.4,0.06,0.036,11
5.70791E+15,2023-10-14T14:29:17Z,33.40988333,-105.3312333,1653.4,-0.04,0.072,11
5.70791E+15,2023-10-14T14:29:28Z,33.40988333,-105.3312333,1653.2,-0.03,0.108,11
5.70791E+15,2023-10-14T14:29:33Z,33.4099,-105.3312333,1653.1,-0.07,0.288,11
5.70791E+15,2023-10-14T14:29:43Z,33.4099,-105.3312333,1652.9,0.12,0.504,11
5.70791E+15,2023-10-14T14:29:54Z,33.40991667,-105.3311667,1653.6,-0.14,0.18,11
5.70791E+15,2023-10-14T14:30:03Z,33.40991667,-105.3311667,1653.2,-0.11,0.756,11
5.70791E+15,2023-10-14T14:30:50Z,33.40983333,-105.3312167,1653.3,-0.14,0.18,10
5.70791E+15,2023-10-14T14:30:55Z,33.40983333,-105.3312167,1652.9,0.21,0.18,11
5.70791E+15,2023-10-14T14:31:37Z,33.40985,-105.3312167,1652.8,-0.01,0.216,11
5.70791E+15,2023-10-14T14:31:45Z,33.40983333,-105.3312167,1653,-0.04,0.144,11
5.70791E+15,2023-10-14T14:31:53Z,33.40983333,-105.3312167,1653.5,0.02,0.252,11
5.70791E+15,2023-10-14T14:32:04Z,33.40983333,-105.3312167,1653.3,-0.08,0.036,11
5.70791E+15,2023-10-14T14:32:14Z,33.40983333,-105.3312167,1653.5,0.08,0.144,11
5.70791E+15,2023-10-14T14:32:24Z,33.40983333,-105.3312167,1653.9,-0.02,0.072,11
5.70791E+15,2023-10-14T14:32:34Z,33.40983333,-105.3312167,1653.2,0.04,0.144,11
5.70791E+15,2023-10-14T14:32:44Z,33.40983333,-105.3312167,1653.2,0.04,0.18,11
5.70791E+15,2023-10-14T14:33:53Z,33.40983333,-105.3312,1651.8,0.03,0.072,11
5.70791E+15,2023-10-14T14:34:04Z,33.40983333,-105.3312,1652.3,-0.02,0.252,11
5.70791E+15,2023-10-14T14:34:13Z,33.40983333,-105.3312,1652.7,-0.05,0.144,11
5.70791E+15,2023-10-14T14:35:13Z,33.40981667,-105.3312333,1652.6,-0.06,0.432,9
5.70791E+15,2023-10-14T14:35:22Z,33.40981667,-105.3312333,1652.1,0.02,0.288,11
5.70791E+15,2023-10-14T14:35:38Z,33.4098,-105.3312167,1654.2,0.48,0.36,10
5.70791E+15,2023-10-14T14:35:51Z,33.40983333,-105.3312167,1655.9,0.04,0.18,11
5.70791E+15,2023-10-14T14:35:59Z,33.40985,-105.3312167,1655.8,0.13,0.108,9
5.70791E+15,2023-10-14T14:36:05Z,33.40983333,-105.3312167,1654,0.03,0.18,11
5.70791E+15,2023-10-14T14:36:13Z,33.40983333,-105.3312167,1652.7,-0.07,0.072,11
5.70791E+15,2023-10-14T14:36:21Z,33.40983333,-105.3312167,1652.3,-0.07,0.072,10
5.70791E+15,2023-10-14T14:36:32Z,33.40983333,-105.3312167,1651.7,-0.06,0.144,10
5.70791E+15,2023-10-14T14:36:40Z,33.40983333,-105.3312167,1651.9,0.06,0.18,11
5.70791E+15,2023-10-14T14:36:50Z,33.40983333,-105.3312167,1653,-0.1,0.144,11
5.70791E+15,2023-10-14T14:36:57Z,33.40983333,-105.3312167,1652.1,-0.15,0.108,11
5.70791E+15,2023-10-14T14:37:05Z,33.40983333,-105.3312167,1651.6,0,0.216,11
5.70791E+15,2023-10-14T14:37:14Z,33.40983333,-105.3312333,1650.9,0.04,0.108,10
5.70791E+15,2023-10-14T14:37:22Z,33.40983333,-105.3312167,1650.7,-0.08,0.396,9
5.70791E+15,2023-10-14T14:37:30Z,33.40983333,-105.3312167,1651.5,0.2,0.288,9
5.70791E+15,2023-10-14T14:37:38Z,33.40983333,-105.3312167,1651.3,-0.01,0.108,10
5.70791E+15,2023-10-14T14:37:47Z,33.40983333,-105.3312167,1650,0.08,0.432,10
5.70791E+15,2023-10-14T14:37:56Z,33.40983333,-105.3312167,1649.4,0.02,0.324,11
5.70791E+15,2023-10-14T14:38:04Z,33.40983333,-105.3312167,1649.4,0.03,0,10
5.70791E+15,2023-10-14T14:38:30Z,33.40983333,-105.3312167,1651,0.01,0.108,9
5.70791E+15,2023-10-14T14:38:39Z,33.40983333,-105.3312167,1651.3,-0.07,0.396,11
5.70791E+15,2023-10-14T14:38:46Z,33.40983333,-105.3312167,1651.5,-0.01,0.072,10
5.70791E+15,2023-10-14T14:38:53Z,33.40983333,-105.3312167,1650.8,-0.11,0.54,11
5.70791E+15,2023-10-14T14:38:59Z,33.40983333,-105.3312167,1650.8,-0.09,0.144,11
5.70791E+15,2023-10-14T14:39:07Z,33.40985,-105.3312167,1652.1,0.06,0.252,10
5.70791E+15,2023-10-14T14:39:12Z,33.40983333,-105.3312167,1652,-0.15,0.288,11
5.70791E+15,2023-10-14T14:39:20Z,33.40983333,-105.3312,1652.6,-0.01,0.648,10
5.70791E+15,2023-10-14T14:39:38Z,33.40983333,-105.3312167,1651,-0.13,0.54,11
5.70791E+15,2023-10-14T14:39:47Z,33.40983333,-105.3312167,1651.6,0.13,0.252,10
5.70791E+15,2023-10-14T14:39:56Z,33.40983333,-105.3312167,1651.5,0.12,0.108,9
5.70791E+15,2023-10-14T14:40:04Z,33.40983333,-105.3312167,1651.5,0.19,0.252,10
5.70791E+15,2023-10-14T14:40:14Z,33.40985,-105.3312167,1651.8,0.08,0.72,9
5.70791E+15,2023-10-14T14:40:24Z,33.40985,-105.3312167,1651.7,0.05,0.288,10
5.70791E+15,2023-10-14T14:40:33Z,33.40983333,-105.3312167,1651,-0.05,0.504,8
5.70791E+15,2023-10-14T14:40:43Z,33.40985,-105.3312,1650.9,0.11,0.144,8
5.70791E+15,2023-10-14T14:40:53Z,33.40985,-105.3312,1650.7,-0.11,0.396,9
5.70791E+15,2023-10-14T14:41:00Z,33.40985,-105.3312,1649.8,0.13,0.468,9
5.70791E+15,2023-10-14T14:41:08Z,33.40983333,-105.3312,1649.9,0.4,0.936,10
5.70791E+15,2023-10-14T14:41:27Z,33.40983333,-105.3312,1649.6,-0.03,0.612,11
5.70791E+15,2023-10-14T14:41:36Z,33.40983333,-105.3311833,1649.5,0.05,0.216,10
5.70791E+15,2023-10-14T14:43:40Z,33.40983333,-105.3312167,1652.6,0.06,0.18,11
5.70791E+15,2023-10-14T14:43:52Z,33.40983333,-105.3312,1651.2,0.05,0.036,11
5.70791E+15,2023-10-14T14:43:59Z,33.40983333,-105.3312,1650.9,0.09,0.072,10
5.70791E+15,2023-10-14T14:44:08Z,33.40983333,-105.3312,1651,0.06,0.036,10
5.70791E+15,2023-10-14T14:44:17Z,33.40983333,-105.3312,1651.4,0.05,0.108,10
5.70791E+15,2023-10-14T14:44:27Z,33.40983333,-105.3312,1651.3,-0.11,0.108,10
5.70791E+15,2023-10-14T14:44:34Z,33.40983333,-105.3312,1652,0.11,0.108,10
5.70791E+15,2023-10-14T14:44:43Z,33.40983333,-105.3312,1652.3,0.12,0.18,11
5.70791E+15,2023-10-14T14:44:52Z,33.40983333,-105.3312,1651.8,-0.02,0.18,11
5.70791E+15,2023-10-14T14:45:00Z,33.40983333,-105.3312,1651.3,0.09,0.036,11
5.70791E+15,2023-10-14T14:45:08Z,33.40983333,-105.3312,1651.6,0.03,0.252,10
5.70791E+15,2023-10-14T14:45:17Z,33.40983333,-105.3312,1651.8,0.06,0.144,10
5.70791E+15,2023-10-14T14:45:26Z,33.40983333,-105.3312,1651.6,-0.05,0.252,11
5.70791E+15,2023-10-14T14:45:36Z,33.40983333,-105.3312,1651.4,0.01,0.324,11
5.70791E+15,2023-10-14T14:45:47Z,33.40983333,-105.3312,1652.3,-0.03,0.144,11
5.70791E+15,2023-10-14T14:45:51Z,33.40983333,-105.3312,1652.1,-0.09,0.216,10
5.70791E+15,2023-10-14T14:46:03Z,33.40983333,-105.3312,1651.9,-0.03,0.144,11
5.70791E+15,2023-10-14T14:46:09Z,33.40983333,-105.3312,1652.4,0.02,0.216,11
5.70791E+15,2023-10-14T14:46:17Z,33.40983333,-105.3312,1652.1,-0.01,0.288,11
5.70791E+15,2023-10-14T14:46:38Z,33.40983333,-105.3312,1651.7,-0.02,0.036,11
5.70791E+15,2023-10-14T14:46:45Z,33.40981667,-105.3312,1652.1,-0.13,0.36,11
5.70791E+15,2023-10-14T14:46:51Z,33.40981667,-105.3312,1652.9,0.11,0.504,10
5.70791E+15,2023-10-14T14:47:01Z,33.40983333,-105.3312,1652.3,0.09,0.144,11
5.70791E+15,2023-10-14T14:47:10Z,33.40983333,-105.3312,1652.5,-0.07,0.18,10
5.70791E+15,2023-10-14T14:47:19Z,33.40983333,-105.3312,1651.5,0.1,0.18,10
5.70791E+15,2023-10-14T14:47:27Z,33.40983333,-105.3312,1651.6,-0.09,0.036,11
5.70791E+15,2023-10-14T14:47:36Z,33.40983333,-105.3312167,1650.5,0.06,0.468,10
5.70791E+15,2023-10-14T14:47:45Z,33.40983333,-105.3312167,1651.4,0.11,0.108,10
5.70791E+15,2023-10-14T14:47:53Z,33.40983333,-105.3312167,1651.4,0.01,0.54,10
5.70791E+15,2023-10-14T14:48:02Z,33.40983333,-105.3312167,1650.5,0.02,0.072,10
5.70791E+15,2023-10-14T14:48:11Z,33.40983333,-105.3312167,1650.1,0.03,0.18,9
5.70791E+15,2023-10-14T14:48:21Z,33.40983333,-105.3312167,1650.3,0.03,0.324,9
5.70791E+15,2023-10-14T14:48:29Z,33.40983333,-105.3312167,1650.9,-0.09,0.36,11
5.70791E+15,2023-10-14T14:48:37Z,33.40983333,-105.3312167,1650.7,0.09,0.144,8
5.70791E+15,2023-10-14T14:48:46Z,33.40983333,-105.3312,1652.5,0.13,0.036,9
5.70791E+15,2023-10-14T14:48:57Z,33.40983333,-105.3312167,1652.4,-0.16,0.504,10
5.70791E+15,2023-10-14T14:49:04Z,33.40983333,-105.3312,1652.5,0.06,0.108,10
5.70791E+15,2023-10-14T14:49:11Z,33.40983333,-105.3312,1652.7,-0.02,0.252,10
5.70791E+15,2023-10-14T14:49:21Z,33.40983333,-105.3312167,1653.1,0.12,0.072,10
5.70791E+15,2023-10-14T14:49:31Z,33.40983333,-105.3312,1652.3,-0.12,0.504,10
5.70791E+15,2023-10-14T14:49:42Z,33.40983333,-105.3312,1651.8,0.01,0.252,10
5.70791E+15,2023-10-14T14:50:31Z,33.40983333,-105.3312167,1653,-0.02,0.432,10
5.70791E+15,2023-10-14T14:50:40Z,33.40983333,-105.3312,1653.5,0.06,0.108,10
5.70791E+15,2023-10-14T14:50:48Z,33.40981667,-105.3312167,1653.5,0,0.108,10
5.70791E+15,2023-10-14T14:51:36Z,33.40983333,-105.3312167,1653.1,0.19,0.18,10
5.70791E+15,2023-10-14T14:51:49Z,33.40983333,-105.3312,1652.7,0.07,0.108,10
5.70791E+15,2023-10-14T14:51:56Z,33.40983333,-105.3312,1652.2,-0.02,0.18,10
5.70791E+15,2023-10-14T14:52:03Z,33.40983333,-105.3312167,1652,0.02,0.072,10
5.70791E+15,2023-10-14T14:52:12Z,33.40983333,-105.3312167,1651.9,-0.06,0.36,10
5.70791E+15,2023-10-14T14:52:21Z,33.40983333,-105.3312,1652,0,0.18,10
5.70791E+15,2023-10-14T14:52:29Z,33.40983333,-105.3312,1651.7,-0.04,0.108,10
5.70791E+15,2023-10-14T14:52:39Z,33.40983333,-105.3312,1651.8,0.21,0.216,10
5.70791E+15,2023-10-14T14:52:48Z,33.40983333,-105.3312,1651.8,-0.06,0.144,10
5.70791E+15,2023-10-14T14:52:55Z,33.40983333,-105.3312,1651.7,0.03,0.216,10
5.70791E+15,2023-10-14T14:53:04Z,33.40983333,-105.3312,1651.7,0.15,0.072,9
5.70791E+15,2023-10-14T14:53:12Z,33.40983333,-105.3312,1651.5,0.05,0.18,10
5.70791E+15,2023-10-14T14:53:21Z,33.40983333,-105.3312,1651.5,-0.05,0.072,10
5.70791E+15,2023-10-14T14:53:29Z,33.40983333,-105.3312,1651.6,0.1,0.18,10
5.70791E+15,2023-10-14T14:53:39Z,33.40983333,-105.3312,1652.6,-0.04,0.036,10
5.70791E+15,2023-10-14T14:53:47Z,33.40983333,-105.3312,1651.9,-0.06,0.252,9
5.70791E+15,2023-10-14T14:53:57Z,33.40983333,-105.3312,1651.5,-0.05,0.108,9
5.70791E+15,2023-10-14T14:54:05Z,33.40983333,-105.3312,1651.5,0.1,0.288,9
5.70791E+15,2023-10-14T14:54:15Z,33.40983333,-105.3312,1651.8,0.1,0.108,9
5.70791E+15,2023-10-14T14:54:22Z,33.40983333,-105.3312,1652,-0.04,0.324,9
5.70791E+15,2023-10-14T14:54:33Z,33.40983333,-105.3312,1652,-0.13,0.18,9
5.70791E+15,2023-10-14T14:54:40Z,33.40983333,-105.3312,1651.7,0.04,0.36,9
5.70791E+15,2023-10-14T14:54:48Z,33.40983333,-105.3312,1651.4,0.11,0.036,9
5.70791E+15,2023-10-14T14:54:57Z,33.40983333,-105.3312,1652.2,0.16,0.324,9
5.70791E+15,2023-10-14T14:55:04Z,33.40983333,-105.3312,1652.1,0.06,0.288,9
5.70791E+15,2023-10-14T14:55:13Z,33.40983333,-105.3312,1651.8,0.11,1.044,9
5.70791E+15,2023-10-14T14:55:21Z,33.40983333,-105.3312,1651.8,0,0.576,7
5.70791E+15,2023-10-14T14:55:28Z,33.40983333,-105.3312,1651.5,-0.05,0.216,8
5.70791E+15,2023-10-14T14:55:32Z,33.40983333,-105.3312,1651.3,-0.1,0.144,8
5.70791E+15,2023-10-14T14:55:39Z,33.40983333,-105.3312,1652.3,0.1,0.144,8
5.70791E+15,2023-10-14T14:55:45Z,33.40983333,-105.3312167,1652.5,-0.02,0.18,9
5.70791E+15,2023-10-14T14:55:49Z,33.40983333,-105.3312167,1652.4,-0.01,0.216,9
5.70791E+15,2023-10-14T14:55:55Z,33.40983333,-105.3312167,1652,0.03,0.144,9
5.70791E+15,2023-10-14T14:55:58Z,33.40983333,-105.3312167,1651.9,-0.05,0.288,9
5.70791E+15,2023-10-14T14:56:06Z,33.40983333,-105.3312,1652.1,-0.14,0.396,9
5.70791E+15,2023-10-14T14:56:12Z,33.40983333,-105.3312,1651.9,0.06,0.288,9
5.70791E+15,2023-10-14T14:56:16Z,33.40983333,-105.3312,1651.7,0.12,0.108,9
5.70791E+15,2023-10-14T14:56:24Z,33.40983333,-105.3312,1651.9,0.01,0.144,8
5.70791E+15,2023-10-14T14:56:33Z,33.40983333,-105.3312,1652.4,0.03,0.216,8
5.70791E+15,2023-10-14T14:56:43Z,33.40983333,-105.3312,1652.5,-0.08,0.144,8
5.70791E+15,2023-10-14T14:56:48Z,33.40983333,-105.3312,1652.8,-0.09,0.108,8
5.70791E+15,2023-10-14T14:56:57Z,33.40981667,-105.3312,1652.9,0,0.144,8
5.70791E+15,2023-10-14T14:57:05Z,33.40983333,-105.3312,1652.2,-0.05,0.108,8
5.70791E+15,2023-10-14T14:57:15Z,33.40983333,-105.3312,1652.7,0.19,0.36,8
5.70791E+15,2023-10-14T14:57:24Z,33.40983333,-105.3312,1652.7,0.08,0.108,8
5.70791E+15,2023-10-14T14:57:31Z,33.40983333,-105.3312,1653.1,0.07,0.252,8
5.70791E+15,2023-10-14T14:57:40Z,33.40983333,-105.3312,1653.3,0.07,0.18,8
5.70791E+15,2023-10-14T14:57:48Z,33.40983333,-105.3312,1652.2,0.03,0.036,8
5.70791E+15,2023-10-14T14:57:56Z,33.40983333,-105.3312,1651.7,-0.04,0.144,8
5.70791E+15,2023-10-14T14:58:04Z,33.40983333,-105.3312,1651.6,0.07,0.288,8
5.70791E+15,2023-10-14T14:58:12Z,33.40983333,-105.3312,1651.8,-0.19,0.18,8
5.70791E+15,2023-10-14T14:58:21Z,33.40983333,-105.3312,1651.5,-0.09,0.108,8
5.70791E+15,2023-10-14T14:58:30Z,33.40983333,-105.3312,1651.6,-0.01,0.072,8
5.70791E+15,2023-10-14T14:58:38Z,33.40983333,-105.3312,1652.1,-0.03,0.108,8
5.70791E+15,2023-10-14T14:58:47Z,33.40983333,-105.3312,1652.1,-0.02,0.072,8
5.70791E+15,2023-10-14T14:58:56Z,33.40983333,-105.3312,1652.5,0.09,0.18,8
5.70791E+15,2023-10-14T14:59:04Z,33.40983333,-105.3312,1652.4,0.07,0.288,8
5.70791E+15,2023-10-14T14:59:17Z,33.40983333,-105.3312,1652.2,0.09,0.108,8
5.70791E+15,2023-10-14T14:59:25Z,33.40983333,-105.3312,1651.6,-0.03,0.072,8
5.70791E+15,2023-10-14T14:59:53Z,33.40983333,-105.3312,1652.3,0.06,0.288,8
5.70791E+15,2023-10-14T15:00:03Z,33.40983333,-105.3312,1652.1,0.12,0.324,9
5.70791E+15,2023-10-14T15:00:15Z,33.40983333,-105.3312,1652.1,0.06,0.144,9
5.70791E+15,2023-10-14T15:00:25Z,33.40983333,-105.3312,1652.1,0.06,0.108,9
5.70791E+15,2023-10-14T15:00:55Z,33.40983333,-105.3312,1652.6,0.06,0.108,9
5.70791E+15,2023-10-14T15:01:00Z,33.40983333,-105.3312167,1652.7,-0.01,0.216,9
5.70791E+15,2023-10-14T15:01:09Z,33.40983333,-105.3312,1652.7,-0.04,0.18,9
5.70791E+15,2023-10-14T15:01:17Z,33.40983333,-105.3312,1652.4,-0.02,1.62,9
5.70791E+15,2023-10-14T15:01:34Z,33.40983333,-105.3312,1651.9,-0.11,0.18,8
5.70791E+15,2023-10-14T15:01:42Z,33.40983333,-105.3312,1652.2,-0.01,0,9
5.70791E+15,2023-10-14T15:01:50Z,33.40983333,-105.3312,1652.3,0.03,0.216,9
5.70791E+15,2023-10-14T15:02:00Z,33.40983333,-105.3312,1652.3,-0.16,0.144,9
5.70791E+15,2023-10-14T15:02:08Z,33.40983333,-105.3312167,1652.9,-0.07,0.252,9
5.70791E+15,2023-10-14T15:02:17Z,33.40983333,-105.3312167,1652.7,-0.15,0,9
5.70791E+15,2023-10-14T15:02:27Z,33.40983333,-105.3312167,1652.5,0.15,0.216,9
5.70791E+15,2023-10-14T15:02:37Z,33.40983333,-105.3312167,1652.6,0.01,0.108,9
5.70791E+15,2023-10-14T15:02:44Z,33.40983333,-105.3312,1652.5,0.07,0.072,9
5.70791E+15,2023-10-14T15:02:51Z,33.40983333,-105.3312,1652.3,-0.03,0.036,9
5.70791E+15,2023-10-14T15:03:01Z,33.40983333,-105.3312,1653,0.13,0.072,9
5.70791E+15,2023-10-14T15:03:09Z,33.40983333,-105.3312,1653,0.12,0.288,9
5.70791E+15,2023-10-14T15:03:18Z,33.40983333,-105.3312,1653.1,0.03,0.324,9
5.70791E+15,2023-10-14T15:03:26Z,33.40983333,-105.3312,1653.2,0.1,0.108,9
5.70791E+15,2023-10-14T15:03:37Z,33.40983333,-105.3312,1652.7,-0.09,0.072,9
5.70791E+15,2023-10-14T15:03:46Z,33.40983333,-105.3312,1652.3,0,0.216,9
5.70791E+15,2023-10-14T15:03:53Z,33.40983333,-105.3312,1652.4,-0.04,0.144,9
5.70791E+15,2023-10-14T15:04:01Z,33.40983333,-105.3312,1652.8,0.05,0.252,9
5.70791E+15,2023-10-14T15:04:08Z,33.40983333,-105.3312,1652.4,0.03,0.072,9
5.70791E+15,2023-10-14T15:04:19Z,33.40983333,-105.3312,1652.4,-0.06,0.18,9
5.70791E+15,2023-10-14T15:04:28Z,33.40983333,-105.3312,1652.9,-0.12,0.18,9
5.70791E+15,2023-10-14T15:04:34Z,33.40983333,-105.3312167,1652.9,0.08,0.108,9
5.70791E+15,2023-10-14T15:04:43Z,33.40983333,-105.3312167,1652.4,0.01,0,9
5.70791E+15,2023-10-14T15:04:51Z,33.40983333,-105.3312167,1652,0.16,0.144,9
5.70791E+15,2023-10-14T15:05:01Z,33.40983333,-105.3312,1652.2,0.05,0.468,9
5.70791E+15,2023-10-14T15:05:10Z,33.40985,-105.3312,1652.2,-0.04,0.144,8
5.70791E+15,2023-10-14T15:05:18Z,33.40985,-105.3312,1652.4,-0.09,0.324,9
5.70791E+15,2023-10-14T15:05:26Z,33.40983333,-105.3312,1653.1,0.04,0.36,9
5.70791E+15,2023-10-14T15:05:33Z,33.40983333,-105.3312,1652.8,0.03,0.036,9
5.70791E+15,2023-10-14T15:05:37Z,33.40983333,-105.3312,1652.8,0.07,0.108,9
5.70791E+15,2023-10-14T15:05:44Z,33.40983333,-105.3312,1652.9,-0.04,0.072,9
5.70791E+15,2023-10-14T15:05:53Z,33.40983333,-105.3312,1652.1,-0.09,0.252,9
5.70791E+15,2023-10-14T15:06:02Z,33.40983333,-105.3312,1651.6,0.02,0.036,9
5.70791E+15,2023-10-14T15:06:11Z,33.40983333,-105.3312,1651.8,-0.03,0.18,9
5.70791E+15,2023-10-14T15:06:20Z,33.40983333,-105.3312,1652.9,0.08,0.252,9
5.70791E+15,2023-10-14T15:06:29Z,33.40983333,-105.3312167,1652.7,-0.04,0.072,9
5.70791E+15,2023-10-14T15:06:37Z,33.40983333,-105.3312167,1652.5,0.11,0.072,9
5.70791E+15,2023-10-14T15:06:44Z,33.40983333,-105.3312167,1652.6,0.1,0.072,9
5.70791E+15,2023-10-14T15:06:53Z,33.40983333,-105.3312167,1652.6,0,0.108,9
5.70791E+15,2023-10-14T15:07:00Z,33.40983333,-105.3312167,1652.7,-0.08,0.108,9
5.70791E+15,2023-10-14T15:07:10Z,33.40983333,-105.3312,1652.9,0.09,0.108,9
5.70791E+15,2023-10-14T15:07:20Z,33.40983333,-105.3312,1653.6,-0.04,0.072,9
5.70791E+15,2023-10-14T15:07:29Z,33.40983333,-105.3312,1653.6,0.02,0.108,9
5.70791E+15,2023-10-14T15:07:34Z,33.40983333,-105.3312167,1653.1,-0.16,0.036,9
5.70791E+15,2023-10-14T15:07:43Z,33.40983333,-105.3312167,1652.2,0.1,0.108,9
5.70791E+15,2023-10-14T15:07:53Z,33.40983333,-105.3312167,1652.7,0.07,0.108,9
5.70791E+15,2023-10-14T15:08:04Z,33.40983333,-105.3312167,1652.7,0.06,0.072,9
5.70791E+15,2023-10-14T15:08:12Z,33.40983333,-105.3312167,1653.1,-0.06,0.18,9
5.70791E+15,2023-10-14T15:08:21Z,33.40983333,-105.3312167,1652.9,0.01,0.18,9
5.70791E+15,2023-10-14T15:08:29Z,33.40983333,-105.3312167,1652.7,-0.16,0.072,9
5.70791E+15,2023-10-14T15:08:38Z,33.40983333,-105.3312167,1653,0.07,0.288,8
5.70791E+15,2023-10-14T15:08:48Z,33.40983333,-105.3312167,1653.1,0.14,0.252,9
5.70791E+15,2023-10-14T15:09:02Z,33.40983333,-105.3312167,1653.2,-0.05,0.108,9
5.70791E+15,2023-10-14T15:09:10Z,33.40983333,-105.3312167,1652.8,-0.05,0.288,9
5.70791E+15,2023-10-14T15:09:29Z,33.40983333,-105.3312,1652.9,0.09,0.108,9
5.70791E+15,2023-10-14T15:09:36Z,33.40983333,-105.3312167,1652.8,-0.21,0.18,9
5.70791E+15,2023-10-14T15:09:44Z,33.40983333,-105.3312167,1653,-0.03,0.288,9
5.70791E+15,2023-10-14T15:09:55Z,33.40983333,-105.3312,1652.8,0.03,0.036,9
5.70791E+15,2023-10-14T15:10:06Z,33.40983333,-105.3312167,1652.6,0,0.288,9
5.70791E+15,2023-10-14T15:10:15Z,33.40983333,-105.3312,1652.2,-0.07,0.108,9
5.70791E+15,2023-10-14T15:10:23Z,33.40983333,-105.3312,1652,0.14,0.288,9
5.70791E+15,2023-10-14T15:10:32Z,33.40983333,-105.3312,1652.2,0.17,0.18,9
5.70791E+15,2023-10-14T15:10:58Z,33.40983333,-105.3312167,1652.7,0,0.072,9
5.70791E+15,2023-10-14T15:11:04Z,33.40983333,-105.3312167,1653.2,0.04,0.072,9
5.70791E+15,2023-10-14T15:11:12Z,33.40983333,-105.3312167,1653.4,-0.06,0.072,9
5.70791E+15,2023-10-14T15:11:20Z,33.40983333,-105.3312167,1653.9,-0.06,0.072,9
5.70791E+15,2023-10-14T15:11:29Z,33.40983333,-105.3312167,1653.2,0.01,0.252,9
5.70791E+15,2023-10-14T15:11:38Z,33.40983333,-105.3312167,1652.9,-0.01,0.108,9
5.70791E+15,2023-10-14T15:11:49Z,33.40983333,-105.3312,1654,-0.01,0.072,9
5.70791E+15,2023-10-14T15:11:55Z,33.40983333,-105.3312167,1653.8,-0.09,0.252,9
5.70791E+15,2023-10-14T15:12:04Z,33.40983333,-105.3312167,1652.9,-0.1,0.144,9
5.70791E+15,2023-10-14T15:12:14Z,33.40983333,-105.3312,1652.7,-0.08,0.18,9
5.70791E+15,2023-10-14T15:12:23Z,33.40983333,-105.3312,1653.4,-0.04,0.072,9
5.70791E+15,2023-10-14T15:12:31Z,33.40983333,-105.3312,1654,-0.04,0.396,9
5.70791E+15,2023-10-14T15:12:40Z,33.40983333,-105.3312,1653.5,-0.35,0.684,9
5.70791E+15,2023-10-14T15:12:48Z,33.40983333,-105.3312,1652.9,-0.04,0.108,9
5.70791E+15,2023-10-14T15:12:56Z,33.40983333,-105.3312,1653.6,-0.09,0.216,9
5.70791E+15,2023-10-14T15:13:05Z,33.40983333,-105.3312167,1653.7,-0.16,0.144,9
5.70791E+15,2023-10-14T15:13:11Z,33.40983333,-105.3312167,1653.2,0.04,0.072,8
5.70791E+15,2023-10-14T15:13:14Z,33.40983333,-105.3312167,1652.9,-0.09,0.396,8
5.70791E+15,2023-10-14T15:13:19Z,33.40983333,-105.3312167,1652.7,0.14,0.144,8
5.70791E+15,2023-10-14T15:13:24Z,33.40983333,-105.3312167,1653.2,-0.02,0.108,8
5.70791E+15,2023-10-14T15:13:29Z,33.40983333,-105.3312,1652.9,0.08,0.036,8
5.70791E+15,2023-10-14T15:13:37Z,33.40983333,-105.3312,1653.4,0.05,0.144,9
5.70791E+15,2023-10-14T15:13:45Z,33.40983333,-105.3312,1653.9,0.09,0.252,9
5.70791E+15,2023-10-14T15:13:50Z,33.40983333,-105.3312,1653.4,-0.01,0.144,9
5.70791E+15,2023-10-14T15:13:55Z,33.40983333,-105.3312167,1653.4,0.04,0.18,8
5.70791E+15,2023-10-14T15:13:59Z,33.40983333,-105.3312167,1653.3,-0.11,0.324,9
5.70791E+15,2023-10-14T15:14:03Z,33.40983333,-105.3312167,1653.4,0.02,0.072,9
5.70791E+15,2023-10-14T15:14:07Z,33.40985,-105.3312,1653.3,-0.13,0.036,9
5.70791E+15,2023-10-14T15:14:12Z,33.40983333,-105.3312167,1653.4,-0.05,0.36,9
5.70791E+15,2023-10-14T15:14:15Z,33.40983333,-105.3312167,1653.3,-0.06,0.396,9
5.70791E+15,2023-10-14T15:14:20Z,33.40983333,-105.3312,1652.8,-0.12,0.144,9
5.70791E+15,2023-10-14T15:14:23Z,33.40983333,-105.3312,1652.8,0.04,0.108,9
5.70791E+15,2023-10-14T15:14:32Z,33.40983333,-105.3312,1652.9,-0.03,0.288,9
5.70791E+15,2023-10-14T15:14:42Z,33.40983333,-105.3312,1653,0.1,0.288,9
5.70791E+15,2023-10-14T15:14:50Z,33.40983333,-105.3312,1652.3,-0.03,0.072,9
5.70791E+15,2023-10-14T15:14:58Z,33.40983333,-105.3312,1652.8,0.05,0.108,9
5.70791E+15,2023-10-14T15:15:06Z,33.40983333,-105.3312,1652.2,-0.05,0.216,9
5.70791E+15,2023-10-14T15:15:14Z,33.40983333,-105.3312,1652.6,-0.09,0.216,9
5.70791E+15,2023-10-14T15:15:23Z,33.40983333,-105.3312,1653.1,-0.09,0.396,9
5.70791E+15,2023-10-14T15:15:31Z,33.40983333,-105.3312,1653.4,-0.03,0.144,9
5.70791E+15,2023-10-14T15:15:39Z,33.40983333,-105.3312,1653.9,-0.05,0.108,8
5.70791E+15,2023-10-14T15:15:47Z,33.40983333,-105.3312,1654.4,0.02,0.144,9
5.70791E+15,2023-10-14T15:15:58Z,33.40983333,-105.3312,1654.5,0.14,0.108,9
5.70791E+15,2023-10-14T15:16:07Z,33.40983333,-105.3312,1654,-0.01,0.288,9
5.70791E+15,2023-10-14T15:16:16Z,33.40983333,-105.3312,1653.6,-0.04,0.108,9
5.70791E+15,2023-10-14T15:16:40Z,33.40983333,-105.3312,1653.6,0.2,0.108,9
5.70791E+15,2023-10-14T15:16:48Z,33.40983333,-105.3312,1653.1,0.07,0.216,9
5.70791E+15,2023-10-14T15:16:57Z,33.40983333,-105.3312,1652.9,0.12,0.252,9
5.70791E+15,2023-10-14T15:17:05Z,33.40983333,-105.3312,1653.7,0.05,0.144,9
5.70791E+15,2023-10-14T15:17:14Z,33.40983333,-105.3312,1653.7,-0.05,0.324,9
5.70791E+15,2023-10-14T15:17:26Z,33.40983333,-105.3312,1653.4,0.18,0.072,9
5.70791E+15,2023-10-14T15:17:38Z,33.40983333,-105.3312167,1653.3,-0.11,0.18,9
5.70791E+15,2023-10-14T15:17:49Z,33.40983333,-105.3312167,1653.6,-0.11,0.216,9
5.70791E+15,2023-10-14T15:17:57Z,33.40983333,-105.3312,1653.3,-0.16,0.288,8
5.70791E+15,2023-10-14T15:18:55Z,33.40983333,-105.3312167,1653.9,0.01,0.144,9
5.70791E+15,2023-10-14T15:19:04Z,33.40983333,-105.3312167,1654.4,-0.03,0.18,8
5.70791E+15,2023-10-14T15:19:14Z,33.40983333,-105.3312167,1654.7,0.07,0.072,9
5.70791E+15,2023-10-14T15:19:25Z,33.40983333,-105.3312167,1654.5,-0.04,0.144,8
5.70791E+15,2023-10-14T15:19:34Z,33.40983333,-105.3312167,1654.8,0.02,0.108,9
5.70791E+15,2023-10-14T15:19:47Z,33.40983333,-105.3312167,1654.6,-0.06,0.18,9
5.70791E+15,2023-10-14T15:19:58Z,33.40983333,-105.3312167,1653.8,-0.05,0.18,9
5.70791E+15,2023-10-14T15:20:07Z,33.40983333,-105.3312167,1653.8,0.11,0.18,9
5.70791E+15,2023-10-14T15:20:20Z,33.40983333,-105.3312167,1653.4,-0.02,0.144,9
5.70791E+15,2023-10-14T15:20:28Z,33.40983333,-105.3312167,1653.3,-0.03,0.036,9
5.70791E+15,2023-10-14T15:20:35Z,33.40983333,-105.3312167,1653,0.06,0.072,9
5.70791E+15,2023-10-14T15:20:41Z,33.40983333,-105.3312167,1652.9,-0.02,0.108,9
5.70791E+15,2023-10-14T15:20:50Z,33.40983333,-105.3312167,1653.1,0.01,0.036,9
5.70791E+15,2023-10-14T15:21:00Z,33.40983333,-105.3312,1653.7,-0.03,0.216,9
5.70791E+15,2023-10-14T15:21:06Z,33.40983333,-105.3312,1653.7,-0.19,0.108,9
5.70791E+15,2023-10-14T15:21:10Z,33.40983333,-105.3312,1653.7,-0.06,0.216,9
5.70791E+15,2023-10-14T15:21:19Z,33.40983333,-105.3312,1653,-0.14,0.252,9
5.70791E+15,2023-10-14T15:21:27Z,33.40983333,-105.3312,1652.3,0.05,0.216,9
5.70791E+15,2023-10-14T15:21:35Z,33.40983333,-105.3312,1653,-0.05,0.108,9
5.70791E+15,2023-10-14T15:21:45Z,33.40983333,-105.3312167,1654.3,0.22,0.288,9
5.70791E+15,2023-10-14T15:21:53Z,33.40983333,-105.3312,1654.8,0.08,0.072,9
5.70791E+15,2023-10-14T15:21:58Z,33.40983333,-105.3312,1654.9,0.06,0.108,9
5.70791E+15,2023-10-14T15:22:02Z,33.40983333,-105.3312,1654.8,0.06,0.108,9
5.70791E+15,2023-10-14T15:22:08Z,33.40983333,-105.3312167,1655.5,-0.09,0.216,9
5.70791E+15,2023-10-14T15:22:15Z,33.40983333,-105.3312167,1656.3,-0.05,0.108,9
5.70791E+15,2023-10-14T15:22:19Z,33.40983333,-105.3312167,1656.2,0.11,0.036,8
5.70791E+15,2023-10-14T15:22:27Z,33.40983333,-105.3312167,1655.8,0.02,0.252,9
5.70791E+15,2023-10-14T15:22:34Z,33.40983333,-105.3312167,1655.2,0.03,0.144,9
5.70791E+15,2023-10-14T15:22:41Z,33.40983333,-105.3312,1655.2,-0.03,0.144,9
5.70791E+15,2023-10-14T15:22:50Z,33.40983333,-105.3312,1654.9,0.06,0.108,9
5.70791E+15,2023-10-14T15:22:54Z,33.40983333,-105.3312,1654.9,-0.03,0.108,9
5.70791E+15,2023-10-14T15:22:59Z,33.40983333,-105.3312,1654.8,0.08,0.108,9
5.70791E+15,2023-10-14T15:23:08Z,33.40983333,-105.3312,1654.8,0.05,0.18,9
5.70791E+15,2023-10-14T15:23:16Z,33.40983333,-105.3312,1654.7,0.04,0.108,9
5.70791E+15,2023-10-14T15:23:27Z,33.40983333,-105.3312,1655,0.08,0.216,9
5.70791E+15,2023-10-14T15:23:35Z,33.40983333,-105.3312,1654.7,-0.07,0.216,9
5.70791E+15,2023-10-14T15:23:42Z,33.40983333,-105.3312167,1654.5,-0.03,0.432,9
5.70791E+15,2023-10-14T15:23:46Z,33.40983333,-105.3312167,1654.3,-0.1,0.18,9
5.70791E+15,2023-10-14T15:23:51Z,33.40983333,-105.3312167,1654.8,0.14,0.18,9
5.70791E+15,2023-10-14T15:24:07Z,33.40983333,-105.3312167,1655.7,0.02,0.36,9
5.70791E+15,2023-10-14T15:24:19Z,33.40983333,-105.33125,1653.6,-0.18,0.288,9
5.70791E+15,2023-10-14T15:24:27Z,33.40983333,-105.33125,1654,-0.06,0.468,10
5.70791E+15,2023-10-14T15:24:36Z,33.40983333,-105.3312667,1655.2,-0.12,0.036,9
5.70791E+15,2023-10-14T15:24:44Z,33.40983333,-105.3312833,1656.2,-0.1,0.468,9
5.70791E+15,2023-10-14T15:24:53Z,33.40983333,-105.3312833,1654.9,-0.01,0.18,10
5.70791E+15,2023-10-14T15:25:10Z,33.40983333,-105.3312833,1655.9,-0.03,0.144,10
5.70791E+15,2023-10-14T15:25:17Z,33.40983333,-105.3312667,1657,-0.02,0.288,10
5.70791E+15,2023-10-14T15:25:30Z,33.40983333,-105.3312833,1654.4,0.87,1.08,9
5.70791E+15,2023-10-14T15:25:40Z,33.40983333,-105.3312667,1653.8,0.01,0.828,10
5.70791E+15,2023-10-14T15:25:44Z,33.40981667,-105.3312667,1653,-0.09,0.324,10
5.70791E+15,2023-10-14T15:25:52Z,33.40981667,-105.33125,1652.1,0.09,0.252,9
5.70791E+15,2023-10-14T15:26:01Z,33.40983333,-105.33125,1652.4,0.05,0.18,9
5.70791E+15,2023-10-14T15:26:19Z,33.40983333,-105.33125,1652.1,-0.01,0.144,9
5.70791E+15,2023-10-14T15:26:27Z,33.40983333,-105.33125,1652.4,0.04,0.072,9
5.70791E+15,2023-10-14T15:26:35Z,33.40983333,-105.33125,1650.6,-0.01,0.18,10
5.70791E+15,2023-10-14T15:26:43Z,33.40983333,-105.33125,1650.5,0.16,0.18,9
5.70791E+15,2023-10-14T15:26:52Z,33.40983333,-105.33125,1652.3,-0.06,0.18,9
5.70791E+15,2023-10-14T15:27:01Z,33.40983333,-105.33125,1653.8,0.1,0.504,9
5.70791E+15,2023-10-14T15:27:12Z,33.40983333,-105.33125,1654.6,0.03,0.324,9
5.70791E+15,2023-10-14T15:27:19Z,33.40983333,-105.33125,1654.1,-0.11,0.54,10
5.70791E+15,2023-10-14T15:27:29Z,33.40983333,-105.33125,1654.1,0.07,0.072,10
5.70791E+15,2023-10-14T15:27:36Z,33.40983333,-105.33125,1653.7,0.03,0.288,8
5.70791E+15,2023-10-14T15:27:46Z,33.40983333,-105.33125,1653,0.02,0.072,9
5.70791E+15,2023-10-14T15:27:55Z,33.40983333,-105.3312333,1652,0.01,0.216,9
5.70791E+15,2023-10-14T15:28:06Z,33.40983333,-105.33125,1651.3,0.12,0.216,9
5.70791E+15,2023-10-14T15:28:15Z,33.40983333,-105.33125,1652.3,0.1,0.216,9
5.70791E+15,2023-10-14T15:28:19Z,33.40983333,-105.33125,1652.5,-0.19,0.144,9
5.70791E+15,2023-10-14T15:28:28Z,33.40983333,-105.33125,1653.5,-0.06,0.108,9
5.70791E+15,2023-10-14T15:28:39Z,33.40983333,-105.3312667,1656.9,0.1,0.144,8
5.70791E+15,2023-10-14T15:28:45Z,33.40983333,-105.3312667,1660.1,0.1,0.252,7
5.70791E+15,2023-10-14T15:28:54Z,33.40983333,-105.3312833,1665.5,0.05,0.288,9
5.70791E+15,2023-10-14T15:29:04Z,33.40983333,-105.3312833,1668,-0.06,0.108,8
5.70791E+15,2023-10-14T15:29:12Z,33.40983333,-105.3312833,1666.7,0.04,0.144,8
5.70791E+15,2023-10-14T15:29:20Z,33.40983333,-105.3313,1665.3,-0.05,0.9,9
5.70791E+15,2023-10-14T15:29:29Z,33.40985,-105.3313,1662.2,0.26,0.432,9
5.70791E+15,2023-10-14T15:29:41Z,33.40985,-105.3312833,1661.8,0.13,2.664,9
5.70791E+15,2023-10-14T15:29:46Z,33.40985,-105.3312833,1662.1,0.05,1.62,9
5.70791E+15,2023-10-14T15:29:55Z,33.40985,-105.3312833,1660.3,-0.08,1.512,9
5.70791E+15,2023-10-14T15:30:05Z,33.40985,-105.3312667,1659,0.03,0.792,9
5.70791E+15,2023-10-14T15:30:15Z,33.40985,-105.3312667,1660.9,1.72,1.008,9
5.70791E+15,2023-10-14T15:30:22Z,33.40995,-105.3313,1692.9,4.93,11.592,9
5.70791E+15,2023-10-14T15:30:33Z,33.40998333,-105.3314833,1755,6.02,5.436,9
5.70791E+15,2023-10-14T15:30:41Z,33.4099,-105.33165,1795.1,5.47,13.572,9
5.70791E+15,2023-10-14T15:30:50Z,33.40991667,-105.3318333,1845.8,4.92,8.892,9
5.70791E+15,2023-10-14T15:30:55Z,33.40988333,-105.3318667,1869.1,5.15,5.868,9
5.70791E+15,2023-10-14T15:31:03Z,33.40996667,-105.3322,1915.6,6.01,15.012,9
5.70791E+15,2023-10-14T15:31:11Z,33.41018333,-105.33235,1960.1,5.9,13.14,9
5.70791E+15,2023-10-14T15:31:21Z,33.41043333,-105.3326333,2018.2,6.12,19.116,9
5.70791E+15,2023-10-14T15:31:32Z,33.41101667,-105.3326333,2078.1,5.61,22.464,9
5.70791E+15,2023-10-14T15:31:38Z,33.41123333,-105.3326833,2115.9,6.01,18.468,9
5.70791E+15,2023-10-14T15:31:47Z,33.41178333,-105.3326333,2158.7,5.1,24.696,9
5.70791E+15,2023-10-14T15:31:56Z,33.41226667,-105.3327,2208.6,4.95,28.404,9
5.70791E+15,2023-10-14T15:32:05Z,33.41275,-105.3326,2262.3,6.14,25.992,9
5.70791E+15,2023-10-14T15:32:27Z,33.41395,-105.3321,2394.3,5.93,27.216,9
5.70791E+15,2023-10-14T15:32:36Z,33.4142,-105.3318667,2447.7,4.78,13.608,9
5.70791E+15,2023-10-14T15:32:47Z,33.41415,-105.3313,2504,5.95,22.932,9
5.70791E+15,2023-10-14T15:32:56Z,33.41431667,-105.33065,2555.6,6.11,27.036,9
5.70791E+15,2023-10-14T15:33:06Z,33.41456667,-105.3297333,2614,5.72,31.608,9
5.70791E+15,2023-10-14T15:33:16Z,33.41511667,-105.3288833,2663.8,5.33,42.48,9
5.70791E+15,2023-10-14T15:33:23Z,33.41538333,-105.3281667,2704.5,6.49,33.84,9
5.70791E+15,2023-10-14T15:33:30Z,33.41556667,-105.3275333,2747.3,5.19,38.556,9
5.70791E+15,2023-10-14T15:33:40Z,33.41588333,-105.32635,2796.1,5.53,34.452,9
5.70791E+15,2023-10-14T15:33:49Z,33.41611667,-105.3253667,2846.7,5.29,45.828,9
5.70791E+15,2023-10-14T15:33:59Z,33.41636667,-105.3242167,2905.4,4.89,48.276,9
5.70791E+15,2023-10-14T15:34:07Z,33.41651667,-105.3230833,2940.2,4.45,38.124,9
5.70791E+15,2023-10-14T15:34:16Z,33.41678333,-105.3219667,2992.9,6.11,44.604,9
5.70791E+15,2023-10-14T15:34:26Z,33.41691667,-105.3208833,3054.6,7.07,39.6,9
5.70791E+15,2023-10-14T15:34:56Z,33.4172,-105.3171833,3244.1,6.43,43.596,9
5.70791E+15,2023-10-14T15:35:26Z,33.41751667,-105.3130167,3439,6.65,58.392,9
5.70791E+15,2023-10-14T15:35:32Z,33.41758333,-105.3119333,3471.4,4.77,59.544,9
5.70791E+15,2023-10-14T15:35:43Z,33.41761667,-105.3102333,3537,5.59,56.196,9
5.70791E+15,2023-10-14T15:35:55Z,33.4175,-105.3083167,3613.5,6.65,59.22,9
5.70791E+15,2023-10-14T15:36:07Z,33.41726667,-105.3063833,3692,6.26,61.488,9
5.70791E+15,2023-10-14T15:36:45Z,33.4167,-105.3005833,3934.7,4.83,49.932,9
5.70791E+15,2023-10-14T15:36:51Z,33.4168,-105.2996833,3966.6,6.24,54.972,9
5.70791E+15,2023-10-14T15:37:00Z,33.41678333,-105.2982,4026.8,6.64,46.332,9
5.70791E+15,2023-10-14T15:37:16Z,33.4169,-105.2956833,4131.3,6.07,60.3,9
5.70791E+15,2023-10-14T15:37:27Z,33.417,-105.2940167,4198.4,4.55,47.304,9
5.70791E+15,2023-10-14T15:37:37Z,33.41725,-105.2924333,4260.7,7.45,52.776,9
5.70791E+15,2023-10-14T15:37:47Z,33.4174,-105.2907833,4326.1,5.26,63.9,9
5.70791E+15,2023-10-14T15:37:56Z,33.41766667,-105.2891667,4374,6.73,56.016,9
5.70791E+15,2023-10-14T15:38:06Z,33.41771667,-105.2876167,4438.5,6.35,58.752,9
5.70791E+15,2023-10-14T15:38:20Z,33.41775,-105.2853,4518.3,5.72,46.476,9
5.70791E+15,2023-10-14T15:38:29Z,33.41781667,-105.2840833,4564.7,5.33,47.304,9
5.70791E+15,2023-10-14T15:38:38Z,33.41775,-105.2825833,4617.5,6.55,50.832,9
5.70791E+15,2023-10-14T15:39:06Z,33.4173,-105.2780833,4780.4,4.09,61.776,9
5.70791E+15,2023-10-14T15:39:12Z,33.41718333,-105.2769667,4810.9,5.81,56.808,9
5.70791E+15,2023-10-14T15:39:18Z,33.41711667,-105.2760667,4848.3,7.05,51.624,9
5.70791E+15,2023-10-14T15:39:28Z,33.41695,-105.27435,4911.7,5.82,48.096,9
5.70791E+15,2023-10-14T15:39:36Z,33.41686667,-105.2731833,4962.7,7.55,53.64,9
5.70791E+15,2023-10-14T15:39:45Z,33.41666667,-105.2716167,5028.4,7.19,51.228,9
5.70791E+15,2023-10-14T15:39:55Z,33.41635,-105.2701,5087.4,5.89,60.048,9
5.70791E+15,2023-10-14T15:40:03Z,33.41621667,-105.2689,5137,5.99,48.708,9
5.70791E+15,2023-10-14T15:40:13Z,33.41593333,-105.2673,5202.7,5.59,57.096,9
5.70791E+15,2023-10-14T15:40:21Z,33.41585,-105.2661333,5241.2,5.69,47.628,9
5.70791E+15,2023-10-14T15:40:27Z,33.41565,-105.26515,5277.2,5.11,65.412,9
5.70791E+15,2023-10-14T15:40:36Z,33.41541667,-105.26345,5319.7,6.34,60.984,9
5.70791E+15,2023-10-14T15:40:44Z,33.41516667,-105.2623,5370.5,4.58,42.768,9
5.70791E+15,2023-10-14T15:40:53Z,33.41496667,-105.2608833,5420.1,6.84,54.684,9
5.70791E+15,2023-10-14T15:41:01Z,33.41466667,-105.25985,5461.9,5.56,47.772,9
5.70791E+15,2023-10-14T15:41:12Z,33.41406667,-105.25805,5518.9,4.37,62.208,9
5.70791E+15,2023-10-14T15:41:22Z,33.41358333,-105.2564167,5575,7,46.368,9
5.70791E+15,2023-10-14T15:41:32Z,33.4133,-105.2551833,5621.1,4.95,47.88,9
5.70791E+15,2023-10-14T15:41:41Z,33.41295,-105.25385,5673.8,4.98,50.616,9
5.70791E+15,2023-10-14T15:41:57Z,33.41205,-105.25165,5763.7,7.84,57.204,9
5.70791E+15,2023-10-14T15:42:05Z,33.4117,-105.2502167,5809.1,4.51,58.968,9
5.70791E+15,2023-10-14T15:42:11Z,33.41155,-105.2492167,5846.6,7.18,54.756,9
5.70791E+15,2023-10-14T15:42:19Z,33.4115,-105.2479,5899,5.08,64.764,9
5.70791E+15,2023-10-14T15:42:44Z,33.41158333,-105.24345,6055.7,6.5,60.084,9
5.70791E+15,2023-10-14T15:42:51Z,33.4117,-105.2424167,6095.5,4.28,46.116,9
5.70791E+15,2023-10-14T15:43:03Z,33.41203333,-105.2404333,6162.2,5.08,69.048,9
5.70791E+15,2023-10-14T15:43:12Z,33.41216667,-105.2387,6204.8,4.57,55.764,9
5.70791E+15,2023-10-14T15:43:20Z,33.4124,-105.2373167,6250.8,6.42,65.592,8
5.70791E+15,2023-10-14T15:43:55Z,33.41296667,-105.2314,6459.1,8.02,59.688,8
5.70791E+15,2023-10-14T15:44:14Z,33.4135,-105.2277167,6590.9,6.45,76.644,9
5.70791E+15,2023-10-14T15:44:23Z,33.4137,-105.2260333,6653,6.14,55.332,9
5.70791E+15,2023-10-14T15:45:03Z,33.41521667,-105.2184,6912.1,7.7,65.772,9
5.70791E+15,2023-10-14T15:45:11Z,33.41573333,-105.2167833,6965.9,6.23,69.876,9
5.70791E+15,2023-10-14T15:45:22Z,33.41628333,-105.2148,7037.4,6.24,77.004,9
5.70791E+15,2023-10-14T15:45:32Z,33.41685,-105.21295,7102.2,5.94,57.672,9
5.70791E+15,2023-10-14T15:45:43Z,33.41726667,-105.2108333,7170.8,7.5,62.172,9
5.70791E+15,2023-10-14T15:45:54Z,33.41788333,-105.209,7233.8,7.17,66.852,9
5.70791E+15,2023-10-14T15:46:05Z,33.41821667,-105.2066667,7293.2,4.45,67.68,9
5.70791E+15,2023-10-14T15:46:12Z,33.41855,-105.2053,7335.1,6.97,76.284,9
5.70791E+15,2023-10-14T15:46:22Z,33.41925,-105.2029833,7387.7,5.15,81.108,9
5.70791E+15,2023-10-14T15:46:32Z,33.41966667,-105.2009833,7454.9,7.03,69.696,9
5.70791E+15,2023-10-14T15:46:40Z,33.42003333,-105.1991167,7506.9,5.83,81.612,9
5.70791E+15,2023-10-14T15:46:47Z,33.42038333,-105.1976333,7550.9,6.83,74.232,9
5.70791E+15,2023-10-14T15:47:23Z,33.4217,-105.1895833,7765.6,5.73,84.276,9
5.70791E+15,2023-10-14T15:47:37Z,33.42228333,-105.1861167,7859.2,5.59,94.032,9
5.70791E+15,2023-10-14T15:47:48Z,33.42248333,-105.1831333,7911.9,4.84,80.28,9
5.70791E+15,2023-10-14T15:48:00Z,33.42266667,-105.18045,7971.7,5.43,74.808,9
5.70791E+15,2023-10-14T15:48:10Z,33.42305,-105.17795,8031.6,7.27,90.18,9
5.70791E+15,2023-10-14T15:48:44Z,33.42391667,-105.1690667,8250.2,7.83,91.908,9
5.70791E+15,2023-10-14T15:48:59Z,33.42455,-105.1653,8337.5,4.58,93.888,9
5.70791E+15,2023-10-14T15:49:12Z,33.42506667,-105.1616333,8408.6,6.13,88.452,9
5.70791E+15,2023-10-14T15:49:22Z,33.42528333,-105.1591833,8461.7,5.48,81.504,9
5.70791E+15,2023-10-14T15:50:01Z,33.42755,-105.14765,8680.1,7.24,96.3,9
5.70791E+15,2023-10-14T15:50:14Z,33.42843333,-105.1436667,8771.3,6.33,102.71,9
5.70791E+15,2023-10-14T15:50:34Z,33.42943333,-105.13745,8891.5,6.8,110.27,9
5.70791E+15,2023-10-14T15:50:50Z,33.431,-105.1324333,8982.7,6.43,116.78,9
5.70791E+15,2023-10-14T15:51:00Z,33.4316,-105.1292667,9036.4,5.73,98.136,9
5.70791E+15,2023-10-14T15:51:13Z,33.43276667,-105.1256833,9103.4,5.32,108.07,9
5.70791E+15,2023-10-14T15:51:23Z,33.43371667,-105.1224,9164.7,6.16,113.9,9
5.70791E+15,2023-10-14T15:51:36Z,33.43483333,-105.11855,9243.9,6.28,113.65,9
5.70791E+15,2023-10-14T15:51:42Z,33.43555,-105.1166167,9272.3,4.47,117.76,9
5.70791E+15,2023-10-14T15:51:52Z,33.43655,-105.1133167,9320.7,4.92,111.89,9
5.70791E+15,2023-10-14T15:52:03Z,33.43751667,-105.11015,9378.8,6.05,103.18,9
5.70791E+15,2023-10-14T15:52:14Z,33.43905,-105.1068667,9436.6,4.74,121,9
5.70791E+15,2023-10-14T15:52:23Z,33.44016667,-105.1039333,9480,5.79,114.95,9
5.70791E+15,2023-10-14T15:52:35Z,33.44135,-105.1005333,9545,6.34,100.15,9
5.70791E+15,2023-10-14T15:52:44Z,33.44255,-105.09825,9589.4,4.04,99.792,9
5.70791E+15,2023-10-14T15:52:53Z,33.44381667,-105.0959167,9633.7,5.26,111.46,9
5.70791E+15,2023-10-14T15:53:01Z,33.44491667,-105.09345,9678.5,4.55,118.19,9
5.70791E+15,2023-10-14T15:53:44Z,33.44948333,-105.0805,9902,4.92,101.59,9
5.70791E+15,2023-10-14T15:54:08Z,33.45178333,-105.0727,10045,5.13,107.46,9
5.70791E+15,2023-10-14T15:54:18Z,33.45258333,-105.06975,10090,4.63,101.2,9
5.70791E+15,2023-10-14T15:54:29Z,33.45388333,-105.0666,10149,7.03,116.71,9
5.70791E+15,2023-10-14T15:54:41Z,33.45506667,-105.0625833,10222,4.52,113.54,9
5.70791E+15,2023-10-14T15:54:52Z,33.45603333,-105.0592333,10270,4.4,105.7,9
5.70791E+15,2023-10-14T15:55:03Z,33.45728333,-105.0558167,10349,6.69,130.64,9
5.70791E+15,2023-10-14T15:55:12Z,33.45815,-105.0527667,10400,6.46,108.25,9
5.70791E+15,2023-10-14T15:55:21Z,33.45921667,-105.0501667,10445,5.4,111.02,9
5.70791E+15,2023-10-14T15:55:32Z,33.46075,-105.0467,10505,5.5,126.04,9
5.70791E+15,2023-10-14T15:55:43Z,33.46208333,-105.0430667,10571,7.31,106.85,9
5.70791E+15,2023-10-14T15:55:51Z,33.46275,-105.0404833,10614,4.7,123.19,9
5.70791E+15,2023-10-14T15:56:00Z,33.46355,-105.0375167,10669,4.88,107.57,9
5.70791E+15,2023-10-14T15:56:11Z,33.46455,-105.0342833,10719,6.34,103.07,9
5.70791E+15,2023-10-14T15:56:18Z,33.46535,-105.0323,10776,9.66,108.36,9
5.70791E+15,2023-10-14T15:56:26Z,33.46633333,-105.02975,10847,5.7,128.74,9
5.70791E+15,2023-10-14T15:56:35Z,33.4673,-105.0267333,10891,5.11,112.18,9
5.70791E+15,2023-10-14T15:56:44Z,33.46805,-105.0239167,10940,4.72,105.01,9
5.70791E+15,2023-10-14T15:56:52Z,33.46881667,-105.0216,10982,7.16,108.9,9
5.70791E+15,2023-10-14T15:57:00Z,33.46973333,-105.0189333,11045,6.29,128.63,9
5.70791E+15,2023-10-14T15:57:11Z,33.47128333,-105.0151833,11123,6.98,129.74,9
5.70791E+15,2023-10-14T15:57:17Z,33.47221667,-105.0133,11165,6.06,114.19,9
5.70791E+15,2023-10-14T15:57:24Z,33.47308333,-105.01125,11203,5.5,110.41,9
5.70791E+15,2023-10-14T15:57:28Z,33.47348333,-105.0099333,11228,6.67,123.34,9
5.70791E+15,2023-10-14T15:57:36Z,33.47455,-105.0071,11284,6.77,125.03,9
5.70791E+15,2023-10-14T15:57:45Z,33.47561667,-105.0041833,11354,7.25,128.63,9
5.70791E+15,2023-10-14T15:57:55Z,33.47675,-105.0004667,11422,7.26,133.52,9
5.70791E+15,2023-10-14T15:58:03Z,33.47746667,-104.9975,11467,4.62,129.82,9
5.70791E+15,2023-10-14T15:58:12Z,33.47826667,-104.9942167,11513,5.67,131.8,9
5.70791E+15,2023-10-14T15:58:33Z,33.4802,-104.9868833,11617,4.37,115.6,9
5.70791E+15,2023-10-14T15:58:44Z,33.48131667,-104.9832833,11676,6.96,119.99,9
5.70791E+15,2023-10-14T15:58:54Z,33.48265,-104.9799,11738,8.82,131.51,9
5.70791E+15,2023-10-14T15:59:12Z,33.48428333,-104.9727333,11863,6.05,146.95,9
5.70791E+15,2023-10-14T15:59:20Z,33.4852,-104.9693833,11901,4.19,146.92,9
5.70791E+15,2023-10-14T15:59:31Z,33.4865,-104.9647833,11969,4.62,150.01,9
5.70791E+15,2023-10-14T15:59:41Z,33.4876,-104.96095,12028,8.26,122.11,9
5.70791E+15,2023-10-14T16:00:02Z,33.49078333,-104.9538667,12142,4.28,138.49,9
5.70791E+15,2023-10-14T16:00:40Z,33.49783333,-104.9402667,12331,4.66,142.24,9
5.70791E+15,2023-10-14T16:00:54Z,33.50055,-104.9358,12414,6.12,132.59,9
5.70791E+15,2023-10-14T16:01:06Z,33.50333333,-104.93165,12488,5.18,154.69,9
5.70791E+15,2023-10-14T16:01:16Z,33.50571667,-104.92815,12545,7.94,142.85,9
5.70791E+15,2023-10-14T16:01:32Z,33.50856667,-104.9225333,12642,5.4,135.54,9
5.70791E+15,2023-10-14T16:01:49Z,33.5112,-104.9159667,12734,5.85,156.24,9
5.70791E+15,2023-10-14T16:01:59Z,33.51278333,-104.9118167,12786,5.01,145.73,9
5.70791E+15,2023-10-14T16:02:08Z,33.51416667,-104.9083167,12827,4.37,144.25,9
5.70791E+15,2023-10-14T16:02:22Z,33.51663333,-104.9030833,12897,6.12,143.03,9
5.70791E+15,2023-10-14T16:02:58Z,33.522,-104.8894833,13086,8.03,148.39,9
5.70791E+15,2023-10-14T16:03:08Z,33.52378333,-104.88575,13146,7.73,143.03,9
5.70791E+15,2023-10-14T16:03:20Z,33.52543333,-104.8813167,13216,5.64,134.86,9
5.70791E+15,2023-10-14T16:03:28Z,33.5265,-104.8783333,13257,7.62,138.13,9
5.70791E+15,2023-10-14T16:03:39Z,33.52785,-104.8743167,13325,4.68,133.34,9
5.70791E+15,2023-10-14T16:03:48Z,33.52901667,-104.8709333,13365,4.7,138.13,9
5.70791E+15,2023-10-14T16:03:58Z,33.5305,-104.8670833,13410,4.27,141.19,9
5.70791E+15,2023-10-14T16:04:03Z,33.53123333,-104.8652333,13431,5.62,136.84,9
5.70791E+15,2023-10-14T16:04:14Z,33.53293333,-104.86085,13485,5.52,142.38,9
5.70791E+15,2023-10-14T16:04:20Z,33.53368333,-104.8584833,13511,4.05,135.86,9
5.70791E+15,2023-10-14T16:04:31Z,33.5352,-104.8543167,13560,4.55,144.04,9
5.70791E+15,2023-10-14T16:04:36Z,33.53586667,-104.8524,13583,3.73,130.18,9
5.70791E+15,2023-10-14T16:04:46Z,33.53741667,-104.8487333,13646,8.4,149.65,9
5.70791E+15,2023-10-14T16:04:54Z,33.53876667,-104.84535,13695,5.11,153.76,9
5.70791E+15,2023-10-14T16:05:04Z,33.54025,-104.8411667,13745,6.02,144.86,9
5.70791E+15,2023-10-14T16:05:16Z,33.5419,-104.8365,13801,4.86,133.85,9
5.70791E+15,2023-10-14T16:05:22Z,33.54283333,-104.8341833,13825,3.67,148.14,9
5.70791E+15,2023-10-14T16:05:30Z,33.54405,-104.83115,13855,4.6,140.87,9
5.70791E+15,2023-10-14T16:05:38Z,33.54543333,-104.82805,13886,4.61,146.27,9
5.70791E+15,2023-10-14T16:05:46Z,33.5467,-104.8249333,13917,4.96,145.66,9
5.70791E+15,2023-10-14T16:05:57Z,33.54858333,-104.8206833,13969,6.69,140.87,9
5.70791E+15,2023-10-14T16:06:04Z,33.54981667,-104.8182333,14009,4.06,135.97,9
5.70791E+15,2023-10-14T16:06:11Z,33.55106667,-104.8157333,14041,4.03,146.45,9
5.70791E+15,2023-10-14T16:06:15Z,33.55183333,-104.8141667,14056,4.8,154.44,9
5.70791E+15,2023-10-14T16:06:24Z,33.55333333,-104.8102167,14115,5.98,166.07,9
5.70791E+15,2023-10-14T16:06:29Z,33.55405,-104.80795,14139,5.3,156.64,9
5.70791E+15,2023-10-14T16:06:41Z,33.55583333,-104.80305,14240,8.92,142.2,9
5.70791E+15,2023-10-14T16:06:48Z,33.55663333,-104.79995,14283,4.69,163.55,9
5.70791E+15,2023-10-14T16:06:59Z,33.55808333,-104.7949667,14333,5.76,147.17,9
5.70791E+15,2023-10-14T16:07:21Z,33.56021667,-104.7855333,14479,4.25,143.6,9
5.70791E+15,2023-10-14T16:07:35Z,33.56151667,-104.7794667,14546,5.4,147.82,9
5.70791E+15,2023-10-14T16:07:46Z,33.56243333,-104.7750167,14613,7.42,142.6,9
5.70791E+15,2023-10-14T16:07:55Z,33.56295,-104.7714833,14662,5.69,120.42,10
5.70791E+15,2023-10-14T16:08:05Z,33.56368333,-104.7680333,14721,7.8,123.44,10
5.70791E+15,2023-10-14T16:08:16Z,33.56485,-104.7639333,14812,8.29,129.78,10
5.70791E+15,2023-10-14T16:08:26Z,33.56621667,-104.7605667,14898,7.59,107.06,10
5.70791E+15,2023-10-14T16:08:58Z,33.57001667,-104.7514167,15069,4.06,123.66,10
5.70791E+15,2023-10-14T16:09:04Z,33.57076667,-104.7494167,15102,7.48,123.84,10
5.70791E+15,2023-10-14T16:09:14Z,33.57208333,-104.7461167,15165,5.28,125.17,11
5.70791E+15,2023-10-14T16:09:21Z,33.57298333,-104.7438167,15214,8.2,118.01,11
5.70791E+15,2023-10-14T16:09:39Z,33.57496667,-104.7384833,15327,4.87,102.46,11
5.70791E+15,2023-10-14T16:09:57Z,33.57736667,-104.73355,15411,4.89,108.4,11
5.70791E+15,2023-10-14T16:10:10Z,33.57925,-104.7299833,15472,5.32,113.94,11
5.70791E+15,2023-10-14T16:10:20Z,33.58063333,-104.7271167,15522,5.14,115.42,11
5.70791E+15,2023-10-14T16:10:42Z,33.58373333,-104.7209333,15671,6.62,125.42,11
5.70791E+15,2023-10-14T16:11:25Z,33.58756667,-104.7057833,15943,5.64,99.216,11
5.70791E+15,2023-10-14T16:11:58Z,33.58866667,-104.6966667,16154,6.49,97.236,11
5.70791E+15,2023-10-14T16:12:18Z,33.58988333,-104.6912833,16288,7.62,103.14,11
5.70791E+15,2023-10-14T16:12:28Z,33.59083333,-104.6885333,16361,5.99,97.776,11
5.70791E+15,2023-10-14T16:12:38Z,33.59181667,-104.6859333,16416,4.61,90.324,11
5.70791E+15,2023-10-14T16:12:53Z,33.59358333,-104.6823167,16532,7.13,104.51,11
5.70791E+15,2023-10-14T16:13:00Z,33.59453333,-104.6805333,16576,6.59,97.632,11
5.70791E+15,2023-10-14T16:13:11Z,33.59588333,-104.6777167,16635,6.7,95.184,11
5.70791E+15,2023-10-14T16:13:20Z,33.59678333,-104.6756333,16709,8.13,72.072,11
5.70791E+15,2023-10-14T16:13:32Z,33.59761667,-104.6731833,16777,5.59,78.588,11
5.70791E+15,2023-10-14T16:13:42Z,33.59843333,-104.6708833,16828,4.2,75.564,11
5.70791E+15,2023-10-14T16:13:52Z,33.59908333,-104.6688333,16875,6.04,72.432,11
5.70791E+15,2023-10-14T16:13:58Z,33.59955,-104.6676,16921,8.93,74.952,11
5.70791E+15,2023-10-14T16:14:06Z,33.60036667,-104.66645,16980,4.91,62.964,11
5.70791E+15,2023-10-14T16:14:16Z,33.60151667,-104.6650833,17031,5.98,70.596,11
5.70791E+15,2023-10-14T16:14:27Z,33.60288333,-104.6630833,17085,5.62,81.072,11
5.70791E+15,2023-10-14T16:14:36Z,33.60393333,-104.6616333,17142,6.48,62.244,11
5.70791E+15,2023-10-14T16:14:44Z,33.60466667,-104.6604833,17192,4.35,61.704,11
5.70791E+15,2023-10-14T16:14:52Z,33.60526667,-104.6592,17245,7.81,58.536,11
5.70791E+15,2023-10-14T16:15:01Z,33.6058,-104.6578,17309,7.1,57.6,11
5.70791E+15,2023-10-14T16:15:08Z,33.60616667,-104.6567,17362,9.22,58.212,11
5.70791E+15,2023-10-14T16:15:19Z,33.60663333,-104.65475,17455,9.28,76.32,11
5.70791E+15,2023-10-14T16:15:26Z,33.6071,-104.6529833,17514,6.75,94.5,11
5.70791E+15,2023-10-14T16:15:35Z,33.60758333,-104.6506667,17571,9.16,80.712,11
5.70791E+15,2023-10-14T16:15:43Z,33.60825,-104.64885,17647,8.07,81.936,11
5.70791E+15,2023-10-14T16:15:53Z,33.60883333,-104.64685,17738,10.88,70.812,11
5.70791E+15,2023-10-14T16:16:02Z,33.60875,-104.6451167,17824,8.41,46.872,11
5.70791E+15,2023-10-14T16:16:12Z,33.60908333,-104.64355,17888,5.05,50.04,11
5.70791E+15,2023-10-14T16:16:18Z,33.60928333,-104.6426667,17916,5.37,52.344,11
5.70791E+15,2023-10-14T16:16:27Z,33.60948333,-104.6412333,17960,4.16,45.9,11
5.70791E+15,2023-10-14T16:16:36Z,33.60986667,-104.64005,18003,4.36,46.836,11
5.70791E+15,2023-10-14T16:16:44Z,33.61021667,-104.6391167,18038,5.08,41.508,11
5.70791E+15,2023-10-14T16:16:57Z,33.6105,-104.6374,18098,5.03,38.808,11
5.70791E+15,2023-10-14T16:17:05Z,33.61085,-104.6366667,18139,4.39,30.276,10
5.70791E+15,2023-10-14T16:17:09Z,33.61108333,-104.6363833,18155,4.42,32.544,10
5.70791E+15,2023-10-14T16:17:19Z,33.61171667,-104.6354667,18202,4.06,41.04,10
5.70791E+15,2023-10-14T16:17:29Z,33.61251667,-104.6346167,18247,5.85,45.072,10
5.70791E+15,2023-10-14T16:17:39Z,33.61286667,-104.6336833,18322,9.24,28.512,10
5.70791E+15,2023-10-14T16:17:49Z,33.61246667,-104.6329667,18406,5.88,30.276,10
5.70791E+15,2023-10-14T16:17:55Z,33.61208333,-104.6326,18440,5.48,32.796,10
5.70791E+15,2023-10-14T16:18:04Z,33.61155,-104.6322833,18480,5.35,24.804,10
5.70791E+15,2023-10-14T16:18:11Z,33.61126667,-104.6319167,18513,5.05,19.836,10
5.70791E+15,2023-10-14T16:18:29Z,33.6104,-104.63145,18598,5.06,17.136,10
5.70791E+15,2023-10-14T16:18:39Z,33.60995,-104.6316167,18650,6.94,26.64,9
5.70791E+15,2023-10-14T16:18:46Z,33.60948333,-104.6317667,18713,9.9,32.328,9
5.70791E+15,2023-10-14T16:18:57Z,33.60878333,-104.6322167,18795,6.25,16.344,9
5.70791E+15,2023-10-14T16:19:08Z,33.60886667,-104.6323667,18845,4.97,5.148,9
5.70791E+15,2023-10-14T16:19:19Z,33.60893333,-104.6324833,18896,4.56,5.976,9
5.70791E+15,2023-10-14T16:19:29Z,33.60915,-104.63255,18938,4.39,9.432,9
5.70791E+15,2023-10-14T16:19:39Z,33.6095,-104.6324167,18979,4.37,21.348,9
5.70791E+15,2023-10-14T16:19:48Z,33.60986667,-104.6322,19017,4.34,18.54,9
5.70791E+15,2023-10-14T16:19:55Z,33.6102,-104.6319667,19046,4.09,24.084,9
5.70791E+15,2023-10-14T16:20:06Z,33.61063333,-104.6316333,19088,3.29,27.144,9
5.70791E+15,2023-10-14T16:20:16Z,33.61108333,-104.6313,19126,4.36,19.944,9
5.70791E+15,2023-10-14T16:20:52Z,33.61228333,-104.6298833,19271,3.68,23.328,9
5.70791E+15,2023-10-14T16:21:12Z,33.61308333,-104.6288667,19337,3.24,26.1,9
5.70791E+15,2023-10-14T16:21:21Z,33.61341667,-104.62825,19366,3.32,26.748,9
5.70791E+15,2023-10-14T16:21:32Z,33.61385,-104.6276833,19398,3,23.508,9
5.70791E+15,2023-10-14T16:21:42Z,33.61416667,-104.6270167,19427,2.91,25.776,9
5.70791E+15,2023-10-14T16:21:50Z,33.6145,-104.6265333,19448,2.9,25.416,9
5.70791E+15,2023-10-14T16:21:58Z,33.61471667,-104.626,19468,2.49,26.28,9
5.70791E+15,2023-10-14T16:22:09Z,33.6151,-104.6251667,19496,2.54,30.06,9
5.70791E+15,2023-10-14T16:22:30Z,33.6157,-104.62365,19541,2.52,28.26,8
5.70791E+15,2023-10-14T16:22:39Z,33.616,-104.6229667,19561,1.86,29.088,9
5.70791E+15,2023-10-14T16:23:12Z,33.6165,-104.62075,19618,1.1,19.296,9
5.70791E+15,2023-10-14T16:23:20Z,33.61656667,-104.6203333,19625,0.6,17.028,9
5.70791E+15,2023-10-14T16:23:30Z,33.61661667,-104.6198,19632,0.7,17.064,9
5.70791E+15,2023-10-14T16:23:41Z,33.61661667,-104.61925,19638,0.29,16.956,9
5.70791E+15,2023-10-14T16:23:52Z,33.61656667,-104.6186667,19643,0.22,18.828,9
5.70791E+15,2023-10-14T16:24:02Z,33.61651667,-104.6181167,19647,0.27,18.648,9
5.70791E+15,2023-10-14T16:24:13Z,33.6165,-104.6175167,19647,-0.22,18.504,9
5.70791E+15,2023-10-14T16:24:22Z,33.61648333,-104.6170167,19644,-0.47,18.288,9
5.70791E+15,2023-10-14T16:24:32Z,33.6165,-104.6164833,19639,-0.6,16.956,9
5.70791E+15,2023-10-14T16:24:42Z,33.61651667,-104.616,19629,-1.61,16.668,9
5.70791E+15,2023-10-14T16:24:47Z,33.61651667,-104.61575,19620,-1.94,16.596,9
5.70791E+15,2023-10-14T16:25:00Z,33.61661667,-104.6150667,19593,-2.1,19.404,9
5.70791E+15,2023-10-14T16:25:11Z,33.61673333,-104.6143667,19570,-2.27,24.408,9
5.70791E+15,2023-10-14T16:25:15Z,33.61681667,-104.6140833,19561,-2.28,25.992,9
5.70791E+15,2023-10-14T16:25:23Z,33.61703333,-104.6135,19543,-2.25,26.352,9
5.70791E+15,2023-10-14T16:25:33Z,33.61735,-104.6128667,19520,-2.29,24.48,9
5.70791E+15,2023-10-14T16:25:40Z,33.61755,-104.6123667,19502,-2.75,28.224,9
5.70791E+15,2023-10-14T16:25:45Z,33.61773333,-104.612,19489,-2.62,28.62,9
5.70791E+15,2023-10-14T16:26:03Z,33.61841667,-104.61095,19439,-3,25.92,8
5.70791E+15,2023-10-14T16:26:13Z,33.61885,-104.6103167,19410,-3.05,25.704,9
5.70791E+15,2023-10-14T16:26:23Z,33.61925,-104.6098,19379,-3.38,25.92,9
5.70791E+15,2023-10-14T16:26:30Z,33.61958333,-104.6094,19357,-3.05,25.488,9
5.70791E+15,2023-10-14T16:26:39Z,33.61995,-104.6089833,19326,-3.28,24.012,9
5.70791E+15,2023-10-14T16:26:48Z,33.62038333,-104.6085,19295,-3.7,23.94,9
5.70791E+15,2023-10-14T16:27:01Z,33.62091667,-104.6079833,19250,-3.33,24.408,9
5.70791E+15,2023-10-14T16:27:14Z,33.62145,-104.6075833,19204,-3.42,16.02,9
5.70791E+15,2023-10-14T16:27:25Z,33.62183333,-104.60725,19159,-4.26,11.916,9
5.70791E+15,2023-10-14T16:27:33Z,33.62203333,-104.60705,19126,-4.41,18.9,9
5.70791E+15,2023-10-14T16:27:42Z,33.62238333,-104.6068333,19087,-4.56,14.184,9
5.70791E+15,2023-10-14T16:27:52Z,33.6228,-104.6065333,19043,-4.21,27.108,9
5.70791E+15,2023-10-14T16:28:03Z,33.6233,-104.6063,18996,-4.25,18.576,9
5.70791E+15,2023-10-14T16:28:23Z,33.62428333,-104.60595,18905,-4.75,23.76,9
5.70791E+15,2023-10-14T16:28:36Z,33.62471667,-104.606,18842,-5.01,17.676,9
5.70791E+15,2023-10-14T16:28:49Z,33.62498333,-104.6060167,18776,-4.8,11.628,9
5.70791E+15,2023-10-14T16:29:04Z,33.62498333,-104.6062,18697,-7.72,9.036,9
5.70791E+15,2023-10-14T16:29:15Z,33.62501667,-104.6066333,18627,-5.27,14.796,9
5.70791E+15,2023-10-14T16:29:26Z,33.62475,-104.60705,18573,-5.31,19.08,9
5.70791E+15,2023-10-14T16:30:02Z,33.6234,-104.60585,18368,-5.43,18.216,9
5.70791E+15,2023-10-14T16:30:11Z,33.62333333,-104.6051667,18315,-6.03,29.736,9
5.70791E+15,2023-10-14T16:30:47Z,33.62471667,-104.6021833,18103,-5.02,47.232,6
5.70791E+15,2023-10-14T16:30:57Z,33.62506667,-104.6010833,18057,-6.62,47.628,9
5.70791E+15,2023-10-14T16:31:11Z,33.62546667,-104.5992,17979,-5.04,54.828,9
5.70791E+15,2023-10-14T16:31:44Z,33.62661667,-104.59325,17788,-5.56,85.356,9
5.70791E+15,2023-10-14T16:32:02Z,33.62746667,-104.5884167,17687,-5.71,102.06,9
5.70791E+15,2023-10-14T16:32:09Z,33.62786667,-104.5863833,17648,-5.57,98.82,9
5.70791E+15,2023-10-14T16:32:18Z,33.62868333,-104.5840167,17594,-6.67,87.12,9
5.70791E+15,2023-10-14T16:33:11Z,33.63323333,-104.5737333,17209,-5.9,87.156,9
5.70791E+15,2023-10-14T16:33:44Z,33.63676667,-104.5676667,16973,-6.06,64.044,9
5.70791E+15,2023-10-14T16:33:50Z,33.63725,-104.5665333,16938,-5.42,79.524,9
5.70791E+15,2023-10-14T16:34:01Z,33.63796667,-104.5642667,16876,-5.58,75.6,9
5.70791E+15,2023-10-14T16:34:12Z,33.63871667,-104.5617667,16816,-5.07,76.464,9
5.70791E+15,2023-10-14T16:34:22Z,33.63941667,-104.5594167,16761,-5.65,82.908,9
5.70791E+15,2023-10-14T16:34:36Z,33.6406,-104.5559,16686,-5.09,102.89,9
5.70791E+15,2023-10-14T16:34:47Z,33.64158333,-104.5529833,16626,-5.78,86.328,9
5.70791E+15,2023-10-14T16:35:23Z,33.6449,-104.54425,16438,-5.12,94.14,10
5.70791E+15,2023-10-14T16:35:59Z,33.64676667,-104.5352333,16252,-5.07,88.668,10
5.70791E+15,2023-10-14T16:37:25Z,33.6501,-104.5096,15798,-5.18,123.98,11
5.70791E+15,2023-10-14T16:37:42Z,33.652,-104.5041667,15708,-5.62,122.58,11
5.70791E+15,2023-10-14T16:37:53Z,33.65341667,-104.5007667,15647,-5.54,106.85,11
5.70791E+15,2023-10-14T16:38:02Z,33.65461667,-104.4981,15598,-5.33,102.56,11
5.70791E+15,2023-10-14T16:38:39Z,33.65988333,-104.4881667,15396,-5.6,106.88,11
5.70791E+15,2023-10-14T16:39:15Z,33.66441667,-104.4783,15191,-5.96,116.6,11
5.70791E+15,2023-10-14T16:39:34Z,33.66653333,-104.4726833,15080,-5.77,99.18,11
5.70791E+15,2023-10-14T16:40:06Z,33.66998333,-104.4628833,14883,-7.22,121.03,11
5.70791E+15,2023-10-14T16:40:43Z,33.6735,-104.4507333,14635,-6.85,128.09,11
5.70791E+15,2023-10-14T16:40:55Z,33.67443333,-104.44615,14539,-8.61,123.88,11
5.70791E+15,2023-10-14T16:41:05Z,33.67516667,-104.4420167,14455,-6.54,138.71,11
5.70791E+15,2023-10-14T16:41:21Z,33.67698333,-104.4355167,14350,-6.94,142.78,11
5.70791E+15,2023-10-14T16:41:32Z,33.67843333,-104.4306667,14281,-6.02,163.12,11
5.70791E+15,2023-10-14T16:41:43Z,33.6799,-104.4257333,14213,-6.36,162.29,11
5.70791E+15,2023-10-14T16:42:10Z,33.68348333,-104.4139167,14042,-5.02,165.06,11
5.70791E+15,2023-10-14T16:42:20Z,33.68468333,-104.4093667,13982,-7.23,170.1,11
5.70791E+15,2023-10-14T16:42:31Z,33.68596667,-104.4044,13910,-5.94,154.87,11
5.70791E+15,2023-10-14T16:42:44Z,33.68761667,-104.39895,13828,-5.36,153.76,11
5.70791E+15,2023-10-14T16:42:55Z,33.68923333,-104.3940833,13757,-4.92,162.11,10
5.70791E+15,2023-10-14T16:43:05Z,33.69091667,-104.38975,13688,-6.41,161.39,10
5.70791E+15,2023-10-14T16:43:14Z,33.69241667,-104.3858,13631,-7.34,161.39,10
5.70791E+15,2023-10-14T16:43:25Z,33.69406667,-104.3809667,13556,-5.6,154.69,10
5.70791E+15,2023-10-14T16:43:52Z,33.69778333,-104.3698667,13373,-6.57,142.02,10
5.70791E+15,2023-10-14T16:43:59Z,33.69853333,-104.36705,13329,-5.95,138.64,10
5.70791E+15,2023-10-14T16:44:32Z,33.70201667,-104.3531167,13096,-6.72,141.88,8
5.70791E+15,2023-10-14T16:44:43Z,33.70343333,-104.3485333,13018,-6.3,169.24,10
5.70791E+15,2023-10-14T16:44:54Z,33.70531667,-104.34395,12937,-8.3,160.24,10
5.70791E+15,2023-10-14T16:45:04Z,33.70688333,-104.3400167,12864,-6.21,144.54,10
5.70791E+15,2023-10-14T16:45:14Z,33.70855,-104.33575,12797,-6.05,167.8,10
5.70791E+15,2023-10-14T16:45:37Z,33.71261667,-104.3259833,12632,-6.42,163.62,9
5.70791E+15,2023-10-14T16:46:13Z,33.72048333,-104.3128,12374,-7.13,156.82,8
5.70791E+15,2023-10-14T16:47:10Z,33.73038333,-104.29215,11962,-7.3,138.35,10
5.70791E+15,2023-10-14T16:47:27Z,33.73233333,-104.2853,11846,-8.42,151.2,9
5.70791E+15,2023-10-14T16:47:45Z,33.73436667,-104.2782333,11715,-5.71,138.82,10
5.70791E+15,2023-10-14T16:47:56Z,33.73565,-104.2739,11639,-6.71,134.35,10
5.70791E+15,2023-10-14T16:48:09Z,33.7372,-104.269,11552,-6.39,121.28,10
5.70791E+15,2023-10-14T16:48:55Z,33.74276667,-104.2517333,11249,-5.42,128.34,10
5.70791E+15,2023-10-14T16:49:10Z,33.74458333,-104.2461167,11165,-6.1,137.92,7
5.70791E+15,2023-10-14T16:50:28Z,33.75398333,-104.2187667,10731,-5.32,120.02,10
5.70791E+15,2023-10-14T16:50:42Z,33.7557,-104.2140833,10658,-4.84,127.51,10
5.70791E+15,2023-10-14T16:50:58Z,33.75766667,-104.2088333,10574,-5.36,118.94,10
5.70791E+15,2023-10-14T16:51:10Z,33.75916667,-104.205,10509,-5.15,117.25,10
5.70791E+15,2023-10-14T16:51:49Z,33.76383333,-104.19215,10305,-4.66,127.58,8
5.70791E+15,2023-10-14T16:52:01Z,33.7652,-104.1881,10242,-4.88,127.15,10
5.70791E+15,2023-10-14T16:52:13Z,33.76655,-104.18415,10179,-4.87,122.47,10
5.70791E+15,2023-10-14T16:52:21Z,33.76743333,-104.1815,10137,-5.18,123.77,10
5.70791E+15,2023-10-14T16:52:33Z,33.76876667,-104.1775333,10074,-4.86,115.27,10
5.70791E+15,2023-10-14T16:53:29Z,33.77461667,-104.1593,9778.7,-4.76,120.78,10
5.70791E+15,2023-10-14T16:54:16Z,33.7803,-104.1444,9533.5,-5.01,109.73,6
5.70791E+15,2023-10-14T16:54:46Z,33.78371667,-104.135,9370.6,-5.57,109.84,10
5.70791E+15,2023-10-14T16:56:06Z,33.79061667,-104.1091333,8949.2,-5.3,120.06,10
5.70791E+15,2023-10-14T16:56:16Z,33.79133333,-104.1058833,8895.8,-5.29,110.66,10
5.70791E+15,2023-10-14T16:56:21Z,33.79168333,-104.1042667,8869.8,-5.59,103.03,10
5.70791E+15,2023-10-14T16:57:11Z,33.79421667,-104.0882667,8610.8,-5.25,94.896,11
5.70791E+15,2023-10-14T16:57:39Z,33.79538333,-104.07985,8464.5,-4.59,101.12,11
5.70791E+15,2023-10-14T16:57:53Z,33.79588333,-104.07585,8393.3,-5.79,89.064,10
5.70791E+15,2023-10-14T16:58:02Z,33.79613333,-104.0732667,8346.3,-5.01,94.392,10
5.70791E+15,2023-10-14T16:58:13Z,33.79633333,-104.07,8289.3,-4.71,95.04,10
5.70791E+15,2023-10-14T16:58:29Z,33.79651667,-104.0653667,8206.2,-5.11,94.464,10
5.70791E+15,2023-10-14T16:58:51Z,33.79685,-104.05935,8095.1,-5.42,83.232,8
5.70791E+15,2023-10-14T16:58:57Z,33.79696667,-104.0577,8063.5,-5.15,97.236,10
5.70791E+15,2023-10-14T16:59:05Z,33.79716667,-104.0555833,8022.5,-5.23,92.196,10
5.70791E+15,2023-10-14T16:59:13Z,33.79735,-104.05345,7981.3,-4.93,94.572,10
5.70791E+15,2023-10-14T16:59:21Z,33.7976,-104.0513167,7940.9,-4.73,89.172,10
5.70791E+15,2023-10-14T16:59:33Z,33.79801667,-104.0481,7880,-5.27,85.032,10
5.70791E+15,2023-10-14T16:59:44Z,33.79831667,-104.0450833,7824,-5.22,91.8,10
5.70791E+15,2023-10-14T16:59:56Z,33.79856667,-104.0418833,7762.1,-5.73,91.62,10
5.70791E+15,2023-10-14T17:00:06Z,33.79873333,-104.0393,7709.9,-5.19,81.468,10
5.70791E+15,2023-10-14T17:00:17Z,33.79886667,-104.0365,7651.6,-5.83,81.288,10
5.70791E+15,2023-10-14T17:00:22Z,33.79896667,-104.0352667,7625.2,-5.44,77.616,10
5.70791E+15,2023-10-14T17:00:31Z,33.79911667,-104.03305,7579.9,-5.16,77.796,10
5.70791E+15,2023-10-14T17:01:58Z,33.8024,-104.0124833,7126.8,-5.54,76.932,11
5.70791E+15,2023-10-14T17:02:09Z,33.80285,-104.0099833,7069,-5.58,74.628,11
5.70791E+15,2023-10-14T17:03:07Z,33.80496667,-103.9969,6764.8,-5.8,71.208,6
5.70791E+15,2023-10-14T17:03:24Z,33.80536667,-103.9931833,6673.3,-5.53,68.04,10
5.70791E+15,2023-10-14T17:03:43Z,33.80555,-103.9888833,6540.5,-11.04,76.932,10
5.70791E+15,2023-10-14T17:03:47Z,33.80556667,-103.9881333,6490.9,-13.92,69.876,11
5.70791E+15,2023-10-14T17:03:52Z,33.80553333,-103.9870667,6427.8,-12.64,57.996,10
5.70791E+15,2023-10-14T17:04:00Z,33.80553333,-103.9854667,6326.5,-12.15,53.676,10
5.70791E+15,2023-10-14T17:04:13Z,33.8056,-103.98285,6162.7,-12.41,67.824,10
5.70791E+15,2023-10-14T17:04:23Z,33.80568333,-103.9807833,6039.3,-12.28,75.42,10
5.70791E+15,2023-10-14T17:04:31Z,33.80565,-103.9792667,5939.7,-12.26,67.068,10
5.70791E+15,2023-10-14T17:04:39Z,33.8055,-103.97785,5842,-12.32,69.444,10
5.70791E+15,2023-10-14T17:04:59Z,33.8047,-103.9742167,5599.1,-12.2,60.732,10
5.70791E+15,2023-10-14T17:05:33Z,33.80363333,-103.9682167,5193,-11.68,47.268,11
5.70791E+15,2023-10-14T17:05:38Z,33.80353333,-103.9673167,5134.3,-11.81,67.644,11
5.70791E+15,2023-10-14T17:05:51Z,33.80313333,-103.96525,4984,-11.53,39.96,12
5.70791E+15,2023-10-14T17:06:27Z,33.8026,-103.9596167,4570.3,-11.22,59.22,6
5.70791E+15,2023-10-14T17:06:40Z,33.80221667,-103.9573833,4430.7,-11.22,50.796,11
5.70791E+15,2023-10-14T17:06:49Z,33.80203333,-103.95585,4323.5,-11.24,47.016,11
5.70791E+15,2023-10-14T17:06:57Z,33.80203333,-103.9544833,4233.6,-11.07,42.156,11
5.70791E+15,2023-10-14T17:07:11Z,33.80213333,-103.9521667,4077.3,-11.08,59.76,11
5.70791E+15,2023-10-14T17:07:17Z,33.80216667,-103.9513167,4010.7,-11.4,63.828,11
5.70791E+15,2023-10-14T17:07:28Z,33.8021,-103.9495833,3891.7,-11.18,59.112,11
5.70791E+15,2023-10-14T17:07:56Z,33.8014,-103.94575,3587.7,-10.81,52.452,9
5.70791E+15,2023-10-14T17:08:04Z,33.80113333,-103.9445667,3503,-10.45,57.6,11
5.70791E+15,2023-10-14T17:08:09Z,33.80095,-103.94375,3450.3,-10.76,42.156,11
5.70791E+15,2023-10-14T17:08:17Z,33.80078333,-103.9425,3365,-10.26,43.308,11
5.70791E+15,2023-10-14T17:08:24Z,33.80068333,-103.9414,3290.8,-10.61,53.784,11
5.70791E+15,2023-10-14T17:08:35Z,33.8005,-103.9397833,3174.6,-10.35,41.832,11
5.70791E+15,2023-10-14T17:08:41Z,33.80045,-103.9387833,3111.9,-10.41,50.94,11
5.70791E+15,2023-10-14T17:08:51Z,33.80031667,-103.9373333,3008,-10.33,37.8,11
5.70791E+15,2023-10-14T17:09:02Z,33.80033333,-103.9358667,2892.9,-10.28,52.92,11
5.70791E+15,2023-10-14T17:09:07Z,33.80025,-103.9351833,2840.8,-10.18,31.068,11
5.70791E+15,2023-10-14T17:11:17Z,33.80443333,-103.9269167,1570,-8.79,19.044,12
5.70791E+15,2023-10-14T17:16:06Z,33.80488333,-103.9279167,1287.6,0.18,0.108,11
5.70791E+15,2023-10-14T17:24:46Z,33.80486667,-103.9279167,1289.1,-0.24,0.36,12
5.70791E+15,2023-10-14T17:24:55Z,33.80486667,-103.9279,1289.7,0.07,0.252,12
5.70791E+15,2023-10-14T17:25:27Z,33.80486667,-103.9279,1290.4,0.04,0.216,12
5.70791E+15,2023-10-14T17:25:36Z,33.80485,-103.9279,1290.8,0.03,0.36,12
5.70791E+15,2023-10-14T17:25:43Z,33.80486667,-103.9279,1290.1,0.04,0.216,12
5.70791E+15,2023-10-14T17:25:52Z,33.80486667,-103.9279167,1289.7,-0.02,0.144,12
5.70791E+15,2023-10-14T17:26:01Z,33.80486667,-103.9279167,1289.6,-0.12,0.324,12
5.70791E+15,2023-10-14T17:26:34Z,33.80486667,-103.9279,1290.6,0.02,0.108,12
5.70791E+15,2023-10-14T17:26:41Z,33.80486667,-103.9279,1290.1,0,0.18,12
5.70791E+15,2023-10-14T17:26:50Z,33.80486667,-103.9279,1290.8,0.06,0.072,12
5.70791E+15,2023-10-14T17:27:01Z,33.80486667,-103.9279,1290,0.1,0.18,12
5.70791E+15,2023-10-14T17:33:47Z,33.80486667,-103.9279,1287.7,0.08,0.432,13
5.70791E+15,2023-10-14T17:33:52Z,33.80486667,-103.9279,1288.4,0.09,0.144,13
5.70791E+15,2023-10-14T17:34:03Z,33.80486667,-103.9279,1288.4,-0.2,0.396,13
5.70791E+15,2023-10-14T17:34:12Z,33.80486667,-103.9279,1288.2,0,0.18,13
5.70791E+15,2023-10-14T17:34:22Z,33.80486667,-103.9279,1287.9,-0.02,0.324,13
5.70791E+15,2023-10-14T17:34:30Z,33.80486667,-103.9279,1287.3,-0.09,0.18,13
5.70791E+15,2023-10-14T17:34:38Z,33.80486667,-103.9279,1287.8,0,0.072,13
5.70791E+15,2023-10-14T17:34:47Z,33.80486667,-103.9279,1287.8,-0.12,0.216,13
5.70791E+15,2023-10-14T17:34:56Z,33.80486667,-103.9279,1287.3,-0.16,0.54,13
5.70791E+15,2023-10-14T17:35:04Z,33.80486667,-103.9279167,1287.6,0.16,0.144,13
5.70791E+15,2023-10-14T17:35:30Z,33.80486667,-103.9279,1288.1,-0.04,0.612,13
5.70791E+15,2023-10-14T17:35:41Z,33.80486667,-103.9279,1288.3,0.08,0.324,13
5.70791E+15,2023-10-14T17:35:48Z,33.80486667,-103.9279,1287.4,0.05,0.18,13
5.70791E+15,2023-10-14T17:35:57Z,33.80486667,-103.9279,1288,0.13,0.216,13
5.70791E+15,2023-10-14T17:36:04Z,33.80486667,-103.9279,1287.2,-0.19,0.324,12
5.70791E+15,2023-10-14T17:36:13Z,33.80486667,-103.9279,1286.7,0.07,0.288,12
5.70791E+15,2023-10-14T17:36:22Z,33.80486667,-103.9279,1287,0.04,0.252,12
5.70791E+15,2023-10-14T17:36:30Z,33.80486667,-103.9279,1287.2,-0.13,0.108,12
5.70791E+15,2023-10-14T17:36:38Z,33.80486667,-103.9279,1287.9,-0.16,0.144,12
5.70791E+15,2023-10-14T17:36:48Z,33.80486667,-103.9279,1289,-0.06,0.108,12
5.70791E+15,2023-10-14T17:40:07Z,33.80486667,-103.9279,1286,-0.02,0.072,12
5.70791E+15,2023-10-14T17:42:22Z,33.80486667,-103.9279,1286.4,-0.28,0.072,12
5.70791E+15,2023-10-14T17:42:29Z,33.80486667,-103.9279,1286.1,0,0.108,12
5.70791E+15,2023-10-14T17:42:37Z,33.80486667,-103.9279,1286.5,0.21,0.144,12
5.70791E+15,2023-10-14T17:42:44Z,33.80486667,-103.9279,1286.6,-0.09,0.756,12
5.70791E+15,2023-10-14T17:42:51Z,33.80486667,-103.9279,1285.8,-0.27,0.612,12
5.70791E+15,2023-10-14T17:43:00Z,33.80486667,-103.9279,1285.7,-0.16,0.216,12
5.70791E+15,2023-10-14T17:43:10Z,33.80486667,-103.9279,1285.3,-0.09,0.252,12
5.70791E+15,2023-10-14T17:43:17Z,33.80486667,-103.9279,1285.6,-0.31,0.18,12
5.70791E+15,2023-10-14T17:43:27Z,33.80486667,-103.9279,1284.6,-0.04,0.324,12
5.70791E+15,2023-10-14T17:43:37Z,33.80486667,-103.9279,1286.3,-0.09,0.576,12
5.70791E+15,2023-10-14T17:43:50Z,33.80486667,-103.9279,1287,-0.1,0.576,12
5.70791E+15,2023-10-14T17:44:00Z,33.80486667,-103.9279,1285.2,-0.1,0.18,12
5.70791E+15,2023-10-14T17:44:09Z,33.80486667,-103.9279,1285,0.16,0.288,12
5.70791E+15,2023-10-14T17:44:18Z,33.80486667,-103.9279,1283.6,-0.23,0.144,12
5.70791E+15,2023-10-14T17:44:27Z,33.80486667,-103.9279,1283.3,-0.16,0.216,12
5.70791E+15,2023-10-14T17:44:35Z,33.80486667,-103.9279,1283.9,-0.11,0.18,12
5.70791E+15,2023-10-14T17:44:44Z,33.80486667,-103.9279,1284,-0.13,0.36,12
5.70791E+15,2023-10-14T17:44:53Z,33.80486667,-103.9279,1284.4,-0.19,0.324,12
5.70791E+15,2023-10-14T17:45:04Z,33.80486667,-103.9278833,1284.5,-0.03,0.468,11
5.70791E+15,2023-10-14T17:45:11Z,33.80486667,-103.9278833,1283.9,-0.18,0.216,11
5.70791E+15,2023-10-14T17:45:19Z,33.80488333,-103.9278833,1284.3,0.18,0.36,11
5.70791E+15,2023-10-14T17:45:28Z,33.80488333,-103.9278833,1284.8,-0.08,0.648,11
5.70791E+15,2023-10-14T17:45:38Z,33.80486667,-103.9278833,1285.6,-0.12,0.216,11
5.70791E+15,2023-10-14T17:45:46Z,33.80486667,-103.9278833,1285.4,0.06,0.612,11
5.70791E+15,2023-10-14T17:48:10Z,33.80486667,-103.9278833,1284.8,0.14,0.324,11
5.70791E+15,2023-10-14T17:48:15Z,33.80486667,-103.9278833,1284.8,-0.15,0.468,11
5.70791E+15,2023-10-14T17:48:23Z,33.80486667,-103.9278833,1285,0.11,0.18,11
5.70791E+15,2023-10-14T17:48:32Z,33.80486667,-103.9278833,1283.9,0.03,0.18,11
5.70791E+15,2023-10-14T17:48:42Z,33.80486667,-103.9278833,1285.1,-0.11,0.396,11
5.70791E+15,2023-10-14T17:50:34Z,33.80486667,-103.9278833,1283.5,0.21,0.288,11
5.70791E+15,2023-10-14T17:50:59Z,33.80486667,-103.9278833,1282.9,-0.32,0.144,11
5.70791E+15,2023-10-14T17:51:24Z,33.80486667,-103.9278833,1282.9,-0.07,0.216,11
5.70791E+15,2023-10-14T17:51:30Z,33.80486667,-103.9278833,1283.7,0.08,0.252,11
5.70791E+15,2023-10-14T17:51:49Z,33.80486667,-103.9279,1284.5,-0.03,0.288,11
5.70791E+15,2023-10-14T17:51:58Z,33.80486667,-103.9279,1284.8,-0.14,0.54,11
5.70791E+15,2023-10-14T17:52:07Z,33.80486667,-103.9279,1283,-0.29,0.144,11
5.70791E+15,2023-10-14T17:52:18Z,33.80486667,-103.9278833,1282.5,-0.05,0.216,11
5.70791E+15,2023-10-14T17:52:27Z,33.80486667,-103.9279,1283.5,0.26,0.468,11
5.70791E+15,2023-10-14T17:52:36Z,33.80486667,-103.9279,1283.9,-0.08,0.396,11
5.70791E+15,2023-10-14T17:52:57Z,33.80486667,-103.9278833,1282.9,-0.26,0.288,11
5.70791E+15,2023-10-14T17:53:05Z,33.80486667,-103.9278833,1282.5,-0.08,0.288,11
5.70791E+15,2023-10-14T17:53:14Z,33.80486667,-103.9278833,1281.7,-0.26,0.108,11
5.70791E+15,2023-10-14T17:53:22Z,33.80486667,-103.9279,1282,-0.34,0.684,11
5.70791E+15,2023-10-14T17:54:02Z,33.80486667,-103.9278833,1284.7,0.14,0.468,11
5.70791E+15,2023-10-14T17:54:05Z,33.80486667,-103.9278833,1284.9,-0.04,0.504,11
5.70791E+15,2023-10-14T17:54:15Z,33.80486667,-103.9278833,1283.2,-0.2,0.216,11
5.70791E+15,2023-10-14T17:54:25Z,33.80486667,-103.9278833,1284.5,0.05,0.576,11
5.70791E+15,2023-10-14T17:56:59Z,33.80486667,-103.9278833,1284.2,-0.16,0.396,11
5.70791E+15,2023-10-14T17:57:09Z,33.80486667,-103.9279,1283.5,-0.07,1.116,11
5.70791E+15,2023-10-14T17:57:20Z,33.80486667,-103.9279,1282.8,0.01,0.36,11
5.70791E+15,2023-10-14T17:57:31Z,33.80486667,-103.9279,1284.4,-0.02,0.432,11
5.70791E+15,2023-10-14T17:57:42Z,33.80486667,-103.9278833,1283.4,0.16,0.576,11
5.70791E+15,2023-10-14T17:57:52Z,33.80486667,-103.9279,1284.2,0.13,0.54,11
5.70791E+15,2023-10-14T17:57:59Z,33.80486667,-103.9278833,1282.9,0.01,0.144,11
5.70791E+15,2023-10-14T18:07:00Z,33.80485,-103.9279,1285.3,0.03,0.252,10
5.70791E+15,2023-10-14T18:07:05Z,33.80485,-103.9279,1285.7,-0.04,0.72,10
5.70791E+15,2023-10-14T18:27:10Z,33.80486667,-103.9278667,1288,0.23,0.54,10
5.70791E+15,2023-10-14T18:27:24Z,33.80486667,-103.9278667,1288.8,0.21,0.36,10
5.70791E+15,2023-10-14T18:35:49Z,33.80486667,-103.9278667,1291,0.12,0.576,9
5.70791E+15,2023-10-14T18:35:57Z,33.80486667,-103.9278667,1291,0.06,0.792,9
5.70791E+15,2023-10-14T18:36:04Z,33.80486667,-103.9278667,1291.6,0.05,0.684,9
5.70791E+15,2023-10-14T18:44:49Z,33.80486667,-103.9278667,1290.6,0.05,0.108,9
5.70791E+15,2023-10-14T18:44:58Z,33.80486667,-103.9278667,1290.9,0.18,0.432,9
5.70791E+15,2023-10-14T18:45:09Z,33.80486667,-103.9278667,1291.2,-0.21,0.288,9
5.70791E+15,2023-10-14T18:45:32Z,33.80486667,-103.9278667,1292.8,-0.02,0.252,9
5.70791E+15,2023-10-14T19:19:56Z,33.80488333,-103.9278833,1291.7,0.05,0.684,10
5.70791E+15,2023-10-14T19:20:08Z,33.80488333,-103.9278833,1291.1,-0.25,0.36,10
5.70791E+15,2023-10-14T19:20:40Z,33.80488333,-103.9278833,1291.4,0.06,0.144,10
5.70791E+15,2023-10-14T19:20:56Z,33.80488333,-103.9278833,1291.7,-0.05,0.144,10
5.70791E+15,2023-10-14T19:29:09Z,33.8049,-103.9279,1291.7,0.04,0.108,10
5.70791E+15,2023-10-14T19:29:27Z,33.80488333,-103.9278833,1291.1,0.22,0.54,10
5.70791E+15,2023-10-14T19:29:36Z,33.80488333,-103.9278833,1291,0.11,0.324,10
5.70791E+15,2023-10-14T19:29:45Z,33.80488333,-103.9278833,1291.1,0.14,0.252,10
5.70791E+15,2023-10-14T19:29:55Z,33.80488333,-103.9279,1290.1,-0.2,0.432,10
5.70791E+15,2023-10-14T19:30:06Z,33.80488333,-103.9279,1290.2,-0.21,2.232,10
5.70791E+15,2023-10-14T19:30:17Z,33.80488333,-103.9279,1291.2,-0.06,0.288,10
5.70791E+15,2023-10-14T19:30:26Z,33.80488333,-103.9279,1288.4,0.02,0.288,10
5.70791E+15,2023-10-14T19:30:36Z,33.80488333,-103.9279,1289.2,-0.05,0.036,10
5.70791E+15,2023-10-14T19:35:38Z,33.8049,-103.9279,1290.7,0.05,0.324,10
5.70791E+15,2023-10-14T19:35:47Z,33.8049,-103.9278833,1290.3,-0.09,0.468,10
5.70791E+15,2023-10-14T19:37:16Z,33.80488333,-103.9278833,1290.7,0.03,0.324,10
5.70791E+15,2023-10-14T19:37:23Z,33.80488333,-103.9278833,1289.5,-0.06,0.468,10
5.70791E+15,2023-10-14T19:37:34Z,33.80488333,-103.9278833,1290.1,-0.27,0.504,10
5.70791E+15,2023-10-14T19:37:44Z,33.80488333,-103.9278833,1289.7,-0.01,0.288,10
5.70791E+15,2023-10-14T19:37:54Z,33.80488333,-103.9278833,1291,0.16,0.324,10
5.70791E+15,2023-10-14T19:38:03Z,33.80488333,-103.9278833,1291,-0.08,0.684,10
5.70791E+15,2023-10-14T19:38:12Z,33.80488333,-103.9278833,1291.9,0.05,0.252,10
5.70791E+15,2023-10-14T19:38:20Z,33.80488333,-103.9278833,1291.2,0.06,0.396,10
5.70791E+15,2023-10-14T19:38:29Z,33.80488333,-103.9278833,1291.1,-0.07,0.54,10
5.70791E+15,2023-10-14T19:38:39Z,33.8049,-103.9278833,1291.1,0.03,0.504,10
5.70791E+15,2023-10-14T19:38:46Z,33.8049,-103.9278833,1291,-0.01,0.108,10
5.70791E+15,2023-10-14T19:39:00Z,33.8049,-103.9278833,1291.8,0.18,0.324,10
5.70791E+15,2023-10-14T19:39:12Z,33.8049,-103.9278833,1291.3,0.11,0.36,10
5.70791E+15,2023-10-14T19:39:22Z,33.80488333,-103.9278833,1291.2,0.07,0.108,10
5.70791E+15,2023-10-14T19:39:29Z,33.80488333,-103.9278833,1291.3,0,0.36,10
5.70791E+15,2023-10-14T19:39:41Z,33.80488333,-103.9278833,1291.5,0.03,0.108,10
5.70791E+15,2023-10-14T19:39:48Z,33.80488333,-103.9278833,1289.3,-0.03,0.216,10
5.70791E+15,2023-10-14T19:39:56Z,33.80488333,-103.9278833,1288.5,-0.02,0.144,10
5.70791E+15,2023-10-14T19:40:05Z,33.80488333,-103.9278833,1288.7,-0.03,0.396,10
5.70791E+15,2023-10-14T19:40:16Z,33.80488333,-103.9278833,1290.5,0.19,0.108,10
5.70791E+15,2023-10-14T19:40:24Z,33.80488333,-103.9279,1290.5,0.07,0.54,10
5.70791E+15,2023-10-14T19:40:37Z,33.80488333,-103.9279,1290.7,-0.08,0.576,10
5.70791E+15,2023-10-14T19:45:58Z,33.80488333,-103.9279,1288.4,-0.12,0.684,10
5.70791E+15,2023-10-14T19:46:11Z,33.80488333,-103.9279,1287.9,-0.1,0.54,11
5.70791E+15,2023-10-14T19:46:20Z,33.80488333,-103.9279,1287.1,-0.03,0.216,11
5.70791E+15,2023-10-14T19:46:42Z,33.80488333,-103.9279,1288.3,0.07,0.288,11
5.70791E+15,2023-10-14T19:46:51Z,33.80488333,-103.9279,1289,0.06,0.432,11
5.70791E+15,2023-10-14T19:47:00Z,33.80488333,-103.9279,1288,-0.06,0.18,11
5.70791E+15,2023-10-14T19:47:07Z,33.80488333,-103.9278833,1287.7,-0.04,0.468,11
5.70791E+15,2023-10-14T19:47:17Z,33.80488333,-103.9278833,1287.9,-0.17,0.648,11
5.70791E+15,2023-10-14T19:47:26Z,33.80488333,-103.9279,1287.7,0.01,0.504,11
5.70791E+15,2023-10-14T19:47:33Z,33.80488333,-103.9279,1286.8,0.02,0.288,11
5.70791E+15,2023-10-14T19:47:43Z,33.80488333,-103.9279,1287.8,0.14,0.288,11
5.70791E+15,2023-10-14T19:47:50Z,33.80488333,-103.9278833,1287.3,0.26,0.36,11
5.70791E+15,2023-10-14T19:47:59Z,33.80488333,-103.9278833,1287.4,0.05,0.576,11
5.70791E+15,2023-10-14T19:48:07Z,33.80488333,-103.9278833,1287.4,0.17,0.252,11
5.70791E+15,2023-10-14T19:48:16Z,33.80488333,-103.9278833,1287.6,-0.07,0.468,11
5.70791E+15,2023-10-14T19:48:25Z,33.80488333,-103.9278833,1288.1,0.01,0.324,11
5.70791E+15,2023-10-14T19:48:34Z,33.80488333,-103.9278833,1288.4,0.08,0.144,11
5.70791E+15,2023-10-14T19:48:43Z,33.80488333,-103.9279,1287.1,-0.13,0.216,11
5.70791E+15,2023-10-14T19:48:53Z,33.80488333,-103.9278833,1288.1,0.12,0.468,11
5.70791E+15,2023-10-14T19:49:02Z,33.80488333,-103.9278833,1288.3,-0.01,0.468,11
5.70791E+15,2023-10-14T19:52:04Z,33.80488333,-103.9279,1286.3,-0.09,0.396,11
5.70791E+15,2023-10-14T19:54:50Z,33.80488333,-103.9279,1285.7,-0.18,0.576,11
5.70791E+15,2023-10-14T19:55:03Z,33.80488333,-103.9279,1286.5,0.19,0.216,11
5.70791E+15,2023-10-14T19:55:11Z,33.80488333,-103.9278833,1285.2,-0.14,0.252,11
5.70791E+15,2023-10-14T19:55:30Z,33.80488333,-103.9279,1285,0.13,0.108,11
5.70791E+15,2023-10-14T19:55:39Z,33.80488333,-103.9279,1286,-0.02,0.504,11
5.70791E+15,2023-10-14T19:56:03Z,33.80488333,-103.9279,1285.8,-0.05,0.324,11
5.70791E+15,2023-10-14T19:56:30Z,33.80488333,-103.9279,1285.7,-0.07,0.432,11
5.70791E+15,2023-10-14T19:56:36Z,33.80488333,-103.9279,1286.1,0.17,0.612,11
5.70791E+15,2023-10-14T19:56:46Z,33.80488333,-103.9278833,1286.7,-0.1,0.288,11
5.70791E+15,2023-10-14T19:56:54Z,33.80488333,-103.9278833,1287,0.15,0.288,11
5.70791E+15,2023-10-14T19:57:05Z,33.80488333,-103.9278833,1286.3,0.05,0.36,11
5.70791E+15,2023-10-14T19:57:13Z,33.80488333,-103.9278833,1286,-0.13,0.432,11
5.70791E+15,2023-10-14T19:57:22Z,33.80488333,-103.9278833,1285.8,0.08,0.252,11
5.70791E+15,2023-10-14T19:57:30Z,33.80488333,-103.9278833,1286.1,0.09,0.216,11
5.70791E+15,2023-10-14T19:57:39Z,33.80488333,-103.9279,1286.7,0.29,0.396,11
5.70791E+15,2023-10-14T19:57:49Z,33.80488333,-103.9279,1287.4,0.1,0.216,11
5.70791E+15,2023-10-14T19:57:58Z,33.80488333,-103.9279,1287.7,0.05,0.144,11
5.70791E+15,2023-10-14T19:58:09Z,33.80488333,-103.9279,1286.6,-0.08,0.576,11
5.70791E+15,2023-10-14T19:58:19Z,33.80488333,-103.9279,1285.5,-0.07,0.324,11
5.70791E+15,2023-10-14T19:58:27Z,33.80488333,-103.9279,1285.8,0.05,0.144,10
5.70791E+15,2023-10-14T19:58:36Z,33.80488333,-103.9279,1285.7,0.02,0.252,11
5.70791E+15,2023-10-14T20:00:49Z,33.80488333,-103.9279,1286.6,0.01,0.144,11
5.70791E+15,2023-10-14T20:01:12Z,33.80488333,-103.9279,1286.5,-0.01,0.216,11
5.70791E+15,2023-10-14T20:03:57Z,33.80488333,-103.9279,1284.7,-0.34,0.18,11
5.70791E+15,2023-10-14T20:13:51Z,33.80488333,-103.9279,1284,-0.09,1.116,11
5.70791E+15,2023-10-14T20:14:23Z,33.80488333,-103.9279,1284.7,0.19,0.108,10
5.70791E+15,2023-10-14T20:23:19Z,33.80488333,-103.9279,1281.9,-0.04,0.108,11
5.70791E+15,2023-10-14T20:23:27Z,33.80488333,-103.9279,1282,-0.16,0.504,11
5.70791E+15,2023-10-14T20:23:38Z,33.80488333,-103.9279,1282.6,0.2,0.36,11
5.70791E+15,2023-10-14T20:30:57Z,33.80488333,-103.9279,1283.9,0.03,0.324,11
5.70791E+15,2023-10-14T20:39:31Z,33.8049,-103.9279,1282.2,-0.15,0.252,10
5.70791E+15,2023-10-14T20:39:40Z,33.8049,-103.9279,1282.5,-0.17,0.216,10
5.70791E+15,2023-10-14T20:48:53Z,33.8049,-103.9279,1283.6,0.01,0.432,10
5.70791E+15,2023-10-14T20:49:14Z,33.8049,-103.9279,1283.2,-0.06,0.792,10
5.70791E+15,2023-10-14T20:58:49Z,33.8049,-103.9279,1288.6,0.08,0.468,9
5.70791E+15,2023-10-14T21:02:21Z,33.80486667,-103.9279167,1288.7,-0.11,0.972,10
5.70791E+15,2023-10-14T21:02:28Z,33.80486667,-103.9279167,1288.4,0.15,0.54,10
5.70791E+15,2023-10-14T21:02:36Z,33.80488333,-103.9279,1288,0.14,0.324,9
5.70791E+15,2023-10-14T21:02:43Z,33.80488333,-103.9279,1288.9,0.08,0.54,10
5.70791E+15,2023-10-14T21:02:52Z,33.80488333,-103.9279167,1288.2,-0.1,0.9,9
